MultiMax v1.0,,,
12/10/2012 11:49,,,
,,,
,,,
[DataSet27],,,
,,,
HomePosition,-1.3,in,
PurgePosition,-0.1,in,
StartPosition,0,in,
MaxHeight,0.2,in,
Target,500,psi,
Rate,10,psi / s,
Transition,80,%,
HoldingLoad,7,Ton,
,,,
Time,Height[in],Pressure[psi],Notes
9,-0.356,28,"     StartDataCollection(100);      Intensifier.SetLevelTrigger(@Laser, 1, -0.556);       TRY;         [Forming];           Intensifier.RampOnPressure(500, 10.00, 300.00, 100.00)"
19,-0.356,29,
29,-0.356,31,
39,-0.356,30,
49,-0.356,27,
59,-0.357,26,
69,-0.356,25,
79,-0.356,23,
89,-0.357,26,
99,-0.356,26,
109,-0.357,27,
119,-0.356,29,
129,-0.356,26,
139,-0.356,24,
149,-0.356,29,
159,-0.356,33,
169,-0.356,24,
179,-0.357,23,
189,-0.356,28,
199,-0.356,27,
209,-0.356,31,
219,-0.356,34,
229,-0.356,29,
239,-0.356,32,
249,-0.356,27,
259,-0.356,24,
269,-0.356,28,
279,-0.355,27,
289,-0.355,28,
299,-0.355,31,
309,-0.355,27,
319,-0.355,29,
329,-0.356,25,
339,-0.355,27,
349,-0.356,28,
359,-0.356,27,
369,-0.356,26,
379,-0.356,28,
389,-0.357,24,
399,-0.356,31,
409,-0.356,30,
419,-0.356,29,
429,-0.357,27,
439,-0.356,28,
449,-0.356,32,
459,-0.357,26,
469,-0.356,28,
479,-0.357,29,
489,-0.357,28,
499,-0.357,29,
509,-0.357,31,
519,-0.357,29,
529,-0.357,29,
539,-0.357,28,
549,-0.357,30,
559,-0.357,25,
569,-0.357,27,
579,-0.357,24,
589,-0.357,28,
599,-0.357,28,
609,-0.357,30,
619,-0.356,28,
629,-0.357,27,
639,-0.356,20,
649,-0.357,27,
659,-0.357,30,
669,-0.357,30,
679,-0.356,26,
689,-0.356,29,
699,-0.357,28,
709,-0.356,29,
719,-0.357,28,
729,-0.356,31,
739,-0.356,24,
749,-0.356,29,
759,-0.356,29,
769,-0.357,29,
779,-0.356,27,
789,-0.356,29,
799,-0.356,31,
809,-0.356,29,
819,-0.356,28,
829,-0.356,32,
839,-0.356,26,
849,-0.356,31,
859,-0.357,30,
869,-0.357,25,
879,-0.356,25,
889,-0.357,31,
899,-0.356,28,
909,-0.356,24,
919,-0.357,28,
929,-0.356,30,
939,-0.357,25,
949,-0.356,29,
959,-0.356,27,
969,-0.356,26,
979,-0.356,29,
989,-0.356,23,
999,-0.356,28,
1009,-0.356,29,
1019,-0.356,26,
1029,-0.356,30,
1039,-0.356,29,
1049,-0.356,31,
1059,-0.356,24,
1069,-0.356,24,
1079,-0.356,30,
1089,-0.356,25,
1099,-0.356,27,
1109,-0.356,29,
1119,-0.356,22,
1129,-0.356,28,
1139,-0.356,29,
1149,-0.356,26,
1159,-0.357,26,
1169,-0.356,29,
1179,-0.356,31,
1189,-0.356,23,
1199,-0.356,27,
1209,-0.356,28,
1219,-0.356,29,
1229,-0.356,29,
1239,-0.357,25,
1249,-0.356,26,
1259,-0.356,30,
1269,-0.356,25,
1279,-0.356,26,
1289,-0.356,25,
1299,-0.356,30,
1309,-0.356,26,
1319,-0.357,32,
1329,-0.356,28,
1339,-0.356,29,
1349,-0.356,29,
1359,-0.356,29,
1369,-0.356,24,
1379,-0.356,28,
1389,-0.356,26,
1399,-0.356,31,
1409,-0.356,26,
1419,-0.356,25,
1429,-0.356,29,
1439,-0.356,28,
1449,-0.356,31,
1459,-0.356,30,
1469,-0.356,25,
1479,-0.356,28,
1489,-0.356,25,
1499,-0.356,30,
1509,-0.356,29,
1519,-0.356,26,
1529,-0.356,29,
1539,-0.356,29,
1549,-0.356,26,
1559,-0.356,30,
1569,-0.356,27,
1579,-0.356,30,
1589,-0.356,31,
1599,-0.356,29,
1609,-0.356,32,
1619,-0.356,26,
1629,-0.356,30,
1639,-0.356,26,
1649,-0.356,24,
1659,-0.356,30,
1669,-0.356,30,
1679,-0.356,29,
1689,-0.356,26,
1699,-0.356,29,
1709,-0.356,29,
1719,-0.356,30,
1729,-0.356,26,
1739,-0.356,27,
1749,-0.356,31,
1759,-0.356,27,
1769,-0.356,26,
1779,-0.356,34,
1789,-0.356,32,
1799,-0.356,29,
1809,-0.356,29,
1819,-0.356,22,
1829,-0.356,29,
1839,-0.356,27,
1849,-0.356,29,
1859,-0.356,28,
1869,-0.356,27,
1879,-0.356,32,
1889,-0.356,25,
1899,-0.356,25,
1909,-0.356,30,
1919,-0.356,27,
1929,-0.357,30,
1939,-0.356,28,
1949,-0.356,30,
1959,-0.356,23,
1969,-0.356,27,
1979,-0.356,28,
1989,-0.356,26,
1999,-0.356,27,
2009,-0.357,29,
2019,-0.357,30,
2029,-0.356,30,
2039,-0.356,28,
2049,-0.356,30,
2059,-0.356,29,
2069,-0.356,25,
2079,-0.356,27,
2089,-0.356,23,
2099,-0.356,27,
2109,-0.356,29,
2119,-0.357,29,
2129,-0.356,28,
2139,-0.356,29,
2149,-0.356,27,
2159,-0.357,31,
2169,-0.356,31,
2179,-0.357,29,
2189,-0.356,33,
2199,-0.357,29,
2209,-0.357,28,
2219,-0.356,29,
2229,-0.357,31,
2239,-0.356,27,
2249,-0.357,26,
2259,-0.357,31,
2269,-0.356,30,
2279,-0.356,30,
2289,-0.357,30,
2299,-0.357,29,
2309,-0.356,30,
2319,-0.357,25,
2329,-0.357,28,
2339,-0.357,30,
2349,-0.357,27,
2359,-0.357,32,
2369,-0.357,28,
2379,-0.356,32,
2389,-0.356,31,
2399,-0.356,32,
2409,-0.356,26,
2419,-0.357,28,
2429,-0.357,30,
2439,-0.357,37,
2449,-0.357,31,
2459,-0.356,30,
2469,-0.357,31,
2479,-0.357,27,
2489,-0.357,33,
2499,-0.357,25,
2509,-0.357,32,
2519,-0.357,29,
2529,-0.357,29,
2539,-0.357,31,
2549,-0.357,29,
2559,-0.356,31,
2569,-0.357,33,
2579,-0.357,30,
2589,-0.357,35,
2599,-0.357,32,
2609,-0.356,34,
2619,-0.357,37,
2629,-0.357,29,
2639,-0.357,32,
2649,-0.357,35,
2659,-0.357,32,
2669,-0.357,34,
2679,-0.357,38,
2689,-0.357,32,
2699,-0.357,33,
2709,-0.357,36,
2719,-0.357,29,
2729,-0.357,32,
2739,-0.357,32,
2749,-0.357,29,
2759,-0.357,36,
2769,-0.357,30,
2779,-0.357,30,
2789,-0.357,31,
2799,-0.357,33,
2809,-0.357,39,
2819,-0.357,39,
2829,-0.357,32,
2839,-0.357,41,
2849,-0.357,32,
2859,-0.357,39,
2869,-0.357,30,
2879,-0.357,31,
2889,-0.357,34,
2899,-0.357,34,
2909,-0.357,35,
2919,-0.357,34,
2929,-0.357,37,
2939,-0.357,41,
2949,-0.357,37,
2959,-0.357,36,
2969,-0.357,37,
2979,-0.357,37,
2989,-0.357,35,
2999,-0.357,37,
3009,-0.357,34,
3019,-0.357,38,
3029,-0.357,31,
3039,-0.357,34,
3049,-0.357,38,
3059,-0.357,38,
3069,-0.358,40,
3079,-0.357,43,
3089,-0.357,36,
3099,-0.357,35,
3109,-0.357,40,
3119,-0.357,38,
3129,-0.357,36,
3139,-0.357,37,
3149,-0.357,40,
3159,-0.357,39,
3169,-0.357,38,
3179,-0.357,39,
3189,-0.357,40,
3199,-0.358,42,
3209,-0.357,43,
3219,-0.357,39,
3229,-0.357,38,
3239,-0.357,47,
3249,-0.358,42,
3259,-0.357,39,
3269,-0.357,43,
3279,-0.357,40,
3289,-0.357,45,
3299,-0.357,42,
3309,-0.357,42,
3319,-0.357,46,
3329,-0.357,43,
3339,-0.358,44,
3349,-0.357,37,
3359,-0.357,37,
3369,-0.357,42,
3379,-0.357,41,
3389,-0.358,40,
3399,-0.357,42,
3409,-0.357,43,
3419,-0.357,45,
3429,-0.357,47,
3439,-0.358,45,
3449,-0.358,44,
3459,-0.357,43,
3469,-0.357,45,
3479,-0.357,49,
3489,-0.358,46,
3499,-0.357,46,
3509,-0.358,42,
3519,-0.358,44,
3529,-0.358,42,
3539,-0.358,45,
3549,-0.358,43,
3559,-0.358,48,
3569,-0.357,48,
3579,-0.358,46,
3589,-0.357,47,
3599,-0.358,44,
3609,-0.358,47,
3619,-0.358,50,
3629,-0.358,47,
3639,-0.358,47,
3649,-0.358,47,
3659,-0.358,46,
3669,-0.357,52,
3679,-0.358,47,
3689,-0.358,52,
3699,-0.358,47,
3709,-0.358,51,
3719,-0.358,52,
3729,-0.358,49,
3739,-0.357,49,
3749,-0.358,51,
3759,-0.358,50,
3769,-0.358,48,
3779,-0.357,49,
3789,-0.358,51,
3799,-0.358,54,
3809,-0.358,51,
3819,-0.358,53,
3829,-0.358,51,
3839,-0.358,48,
3849,-0.358,53,
3859,-0.358,49,
3869,-0.358,54,
3879,-0.358,52,
3889,-0.358,50,
3899,-0.358,50,
3909,-0.358,54,
3919,-0.358,53,
3929,-0.358,58,
3939,-0.358,54,
3949,-0.358,55,
3959,-0.358,55,
3969,-0.358,53,
3979,-0.358,55,
3989,-0.358,55,
3999,-0.358,55,
4009,-0.358,50,
4019,-0.358,57,
4029,-0.358,51,
4039,-0.358,55,
4049,-0.358,58,
4059,-0.358,54,
4069,-0.358,55,
4079,-0.358,59,
4089,-0.358,57,
4099,-0.358,59,
4109,-0.358,52,
4119,-0.358,55,
4129,-0.358,56,
4139,-0.358,54,
4149,-0.358,54,
4159,-0.358,57,
4169,-0.358,63,
4179,-0.358,58,
4189,-0.358,55,
4199,-0.358,60,
4209,-0.358,61,
4219,-0.358,58,
4229,-0.358,58,
4239,-0.359,58,
4249,-0.358,57,
4259,-0.358,57,
4269,-0.358,57,
4279,-0.358,57,
4289,-0.358,56,
4299,-0.358,61,
4309,-0.358,58,
4319,-0.358,60,
4329,-0.358,66,
4339,-0.358,57,
4349,-0.358,61,
4359,-0.358,56,
4369,-0.358,61,
4379,-0.358,62,
4389,-0.359,59,
4399,-0.358,61,
4409,-0.358,60,
4419,-0.358,57,
4429,-0.359,61,
4439,-0.359,63,
4449,-0.358,59,
4459,-0.358,56,
4469,-0.358,62,
4479,-0.358,64,
4489,-0.358,57,
4499,-0.358,58,
4509,-0.358,61,
4519,-0.358,58,
4529,-0.358,59,
4539,-0.359,59,
4549,-0.358,64,
4559,-0.358,59,
4569,-0.359,59,
4579,-0.358,65,
4589,-0.358,64,
4599,-0.358,61,
4609,-0.358,60,
4619,-0.358,60,
4629,-0.358,63,
4639,-0.359,64,
4649,-0.358,59,
4659,-0.358,61,
4669,-0.358,66,
4679,-0.359,59,
4689,-0.358,63,
4699,-0.358,64,
4709,-0.359,60,
4719,-0.358,68,
4729,-0.358,62,
4739,-0.358,59,
4749,-0.358,65,
4759,-0.358,65,
4769,-0.358,64,
4779,-0.359,70,
4789,-0.358,63,
4799,-0.359,65,
4809,-0.358,62,
4819,-0.358,65,
4829,-0.358,64,
4839,-0.359,65,
4849,-0.358,65,
4859,-0.358,64,
4869,-0.358,64,
4879,-0.358,66,
4889,-0.358,64,
4899,-0.358,64,
4909,-0.358,64,
4919,-0.358,67,
4929,-0.358,64,
4939,-0.358,66,
4949,-0.358,66,
4959,-0.358,69,
4969,-0.358,65,
4979,-0.358,70,
4989,-0.358,67,
4999,-0.358,66,
5009,-0.359,65,
5019,-0.358,65,
5029,-0.358,67,
5039,-0.358,66,
5049,-0.359,64,
5059,-0.359,67,
5069,-0.358,63,
5079,-0.358,64,
5089,-0.358,69,
5099,-0.358,66,
5109,-0.358,69,
5119,-0.359,65,
5129,-0.358,63,
5139,-0.358,71,
5149,-0.359,69,
5159,-0.358,71,
5169,-0.358,59,
5179,-0.359,67,
5189,-0.359,67,
5199,-0.359,69,
5209,-0.359,70,
5219,-0.358,69,
5229,-0.358,70,
5239,-0.358,69,
5249,-0.358,69,
5259,-0.359,70,
5269,-0.358,69,
5279,-0.359,68,
5289,-0.358,70,
5299,-0.359,70,
5309,-0.358,73,
5319,-0.359,65,
5329,-0.358,73,
5339,-0.358,73,
5349,-0.359,69,
5359,-0.358,71,
5369,-0.358,67,
5379,-0.359,70,
5389,-0.358,70,
5399,-0.358,73,
5409,-0.358,72,
5419,-0.358,72,
5429,-0.359,71,
5439,-0.359,76,
5449,-0.358,71,
5459,-0.359,70,
5469,-0.359,75,
5479,-0.359,75,
5489,-0.359,68,
5499,-0.359,72,
5509,-0.359,72,
5519,-0.359,72,
5529,-0.359,73,
5539,-0.358,74,
5549,-0.359,69,
5559,-0.359,73,
5569,-0.359,73,
5579,-0.359,73,
5589,-0.358,72,
5599,-0.359,72,
5609,-0.359,73,
5619,-0.359,74,
5629,-0.359,77,
5639,-0.358,70,
5649,-0.358,72,
5659,-0.358,73,
5669,-0.358,72,
5679,-0.359,76,
5689,-0.359,76,
5699,-0.359,72,
5709,-0.358,70,
5719,-0.359,76,
5729,-0.359,74,
5739,-0.359,75,
5749,-0.359,73,
5759,-0.359,72,
5769,-0.359,78,
5779,-0.359,72,
5789,-0.359,73,
5799,-0.359,73,
5809,-0.359,76,
5819,-0.359,77,
5829,-0.359,73,
5839,-0.359,76,
5849,-0.359,70,
5859,-0.358,76,
5869,-0.359,77,
5879,-0.359,76,
5889,-0.359,72,
5899,-0.359,71,
5909,-0.359,80,
5919,-0.359,72,
5929,-0.359,78,
5939,-0.359,78,
5949,-0.359,75,
5959,-0.359,73,
5969,-0.359,76,
5979,-0.359,80,
5989,-0.359,75,
5999,-0.359,80,
6009,-0.359,76,
6019,-0.359,78,
6029,-0.358,79,
6039,-0.359,80,
6049,-0.359,77,
6059,-0.358,82,
6069,-0.358,78,
6079,-0.359,77,
6089,-0.358,77,
6099,-0.359,80,
6109,-0.359,81,
6119,-0.359,81,
6129,-0.359,75,
6139,-0.359,77,
6149,-0.358,77,
6159,-0.359,78,
6169,-0.359,76,
6179,-0.358,84,
6189,-0.359,79,
6199,-0.359,72,
6209,-0.358,77,
6219,-0.359,81,
6229,-0.359,79,
6239,-0.358,79,
6249,-0.358,83,
6259,-0.359,81,
6269,-0.359,80,
6279,-0.358,80,
6289,-0.358,79,
6299,-0.359,82,
6309,-0.359,80,
6319,-0.359,84,
6329,-0.359,80,
6339,-0.359,82,
6349,-0.359,79,
6359,-0.359,82,
6369,-0.359,80,
6379,-0.359,78,
6389,-0.359,78,
6399,-0.359,79,
6409,-0.36,83,
6419,-0.359,79,
6429,-0.359,86,
6439,-0.359,81,
6449,-0.359,80,
6459,-0.359,85,
6469,-0.359,85,
6479,-0.359,80,
6489,-0.359,84,
6499,-0.359,82,
6509,-0.359,82,
6519,-0.359,85,
6529,-0.359,83,
6539,-0.359,83,
6549,-0.359,80,
6559,-0.359,80,
6569,-0.359,83,
6579,-0.359,79,
6589,-0.359,85,
6599,-0.359,83,
6609,-0.359,84,
6619,-0.359,89,
6629,-0.359,83,
6639,-0.359,86,
6649,-0.358,83,
6659,-0.359,82,
6669,-0.359,85,
6679,-0.359,80,
6689,-0.359,82,
6699,-0.359,87,
6709,-0.359,87,
6719,-0.358,85,
6729,-0.359,84,
6739,-0.359,84,
6749,-0.359,83,
6759,-0.359,82,
6769,-0.359,87,
6779,-0.359,85,
6789,-0.359,83,
6799,-0.359,83,
6809,-0.359,81,
6819,-0.359,86,
6829,-0.359,87,
6839,-0.359,87,
6849,-0.36,86,
6859,-0.359,86,
6869,-0.359,88,
6879,-0.359,84,
6889,-0.359,86,
6899,-0.359,86,
6909,-0.358,83,
6919,-0.358,85,
6929,-0.358,81,
6939,-0.358,83,
6949,-0.358,88,
6959,-0.358,89,
6969,-0.358,91,
6979,-0.358,87,
6989,-0.359,87,
6999,-0.359,90,
7009,-0.359,88,
7019,-0.359,88,
7029,-0.359,88,
7039,-0.359,90,
7049,-0.36,87,
7059,-0.359,84,
7069,-0.359,90,
7079,-0.359,87,
7089,-0.359,84,
7099,-0.359,88,
7109,-0.359,87,
7119,-0.359,95,
7129,-0.359,85,
7139,-0.359,89,
7149,-0.359,88,
7159,-0.359,90,
7169,-0.359,92,
7179,-0.359,88,
7189,-0.359,88,
7199,-0.359,90,
7209,-0.359,88,
7219,-0.359,93,
7229,-0.359,86,
7239,-0.359,91,
7249,-0.359,93,
7259,-0.359,92,
7269,-0.359,92,
7279,-0.359,89,
7289,-0.359,94,
7299,-0.359,93,
7309,-0.359,88,
7319,-0.359,91,
7329,-0.359,86,
7339,-0.359,91,
7349,-0.359,95,
7359,-0.358,90,
7369,-0.359,86,
7379,-0.359,90,
7389,-0.359,91,
7399,-0.359,93,
7409,-0.359,90,
7419,-0.359,95,
7429,-0.359,88,
7439,-0.359,92,
7449,-0.359,93,
7459,-0.359,90,
7469,-0.359,93,
7479,-0.359,87,
7489,-0.359,89,
7499,-0.359,90,
7509,-0.359,92,
7519,-0.359,91,
7529,-0.359,92,
7539,-0.359,96,
7549,-0.359,90,
7559,-0.359,96,
7569,-0.359,92,
7579,-0.359,93,
7589,-0.359,95,
7599,-0.359,93,
7609,-0.359,91,
7619,-0.359,94,
7629,-0.359,97,
7639,-0.359,90,
7649,-0.359,93,
7659,-0.359,96,
7669,-0.359,94,
7679,-0.359,94,
7689,-0.359,96,
7699,-0.359,94,
7709,-0.359,95,
7719,-0.359,97,
7729,-0.359,93,
7739,-0.359,96,
7749,-0.359,102,
7759,-0.359,92,
7769,-0.359,99,
7779,-0.359,94,
7789,-0.359,91,
7799,-0.359,100,
7809,-0.359,94,
7819,-0.359,96,
7829,-0.359,99,
7839,-0.359,95,
7849,-0.359,103,
7859,-0.359,94,
7869,-0.359,96,
7879,-0.359,94,
7889,-0.359,97,
7899,-0.359,99,
7909,-0.359,98,
7919,-0.359,97,
7929,-0.359,98,
7939,-0.36,92,
7949,-0.359,94,
7959,-0.36,96,
7969,-0.36,98,
7979,-0.359,100,
7989,-0.359,96,
7999,-0.359,100,
8009,-0.359,94,
8019,-0.359,96,
8029,-0.359,101,
8039,-0.359,96,
8049,-0.359,95,
8059,-0.359,97,
8069,-0.359,97,
8079,-0.359,99,
8089,-0.359,94,
8099,-0.359,100,
8109,-0.359,99,
8119,-0.359,99,
8129,-0.359,104,
8139,-0.359,100,
8149,-0.359,99,
8159,-0.359,97,
8169,-0.359,95,
8179,-0.359,103,
8189,-0.36,101,
8199,-0.359,98,
8209,-0.359,102,
8219,-0.359,97,
8229,-0.359,100,
8239,-0.359,97,
8249,-0.359,99,
8259,-0.359,99,
8269,-0.359,98,
8279,-0.359,101,
8289,-0.359,102,
8299,-0.359,99,
8309,-0.359,104,
8319,-0.359,97,
8329,-0.359,102,
8339,-0.359,100,
8349,-0.359,102,
8359,-0.36,100,
8369,-0.359,95,
8379,-0.36,98,
8389,-0.359,98,
8399,-0.36,102,
8409,-0.359,101,
8419,-0.359,95,
8429,-0.36,102,
8439,-0.359,104,
8449,-0.359,100,
8459,-0.359,96,
8469,-0.359,102,
8479,-0.359,106,
8489,-0.359,100,
8499,-0.359,103,
8509,-0.359,99,
8519,-0.359,99,
8529,-0.359,101,
8539,-0.359,103,
8549,-0.359,106,
8559,-0.359,103,
8569,-0.359,99,
8579,-0.359,108,
8589,-0.359,100,
8599,-0.36,103,
8609,-0.359,103,
8619,-0.359,102,
8629,-0.359,105,
8639,-0.359,100,
8649,-0.359,101,
8659,-0.359,104,
8669,-0.359,98,
8679,-0.359,105,
8689,-0.359,104,
8699,-0.359,101,
8709,-0.359,105,
8719,-0.359,101,
8729,-0.359,102,
8739,-0.358,108,
8749,-0.359,110,
8759,-0.359,100,
8769,-0.359,100,
8779,-0.358,103,
8789,-0.358,99,
8799,-0.359,102,
8809,-0.358,107,
8819,-0.358,101,
8829,-0.358,104,
8839,-0.358,104,
8849,-0.358,105,
8859,-0.358,105,
8869,-0.358,104,
8879,-0.358,109,
8889,-0.358,103,
8899,-0.358,103,
8909,-0.358,106,
8919,-0.358,107,
8929,-0.359,110,
8939,-0.358,104,
8949,-0.358,103,
8959,-0.358,109,
8969,-0.358,106,
8979,-0.359,106,
8989,-0.358,106,
8999,-0.359,105,
9009,-0.358,109,
9019,-0.359,102,
9029,-0.359,101,
9039,-0.358,111,
9049,-0.359,107,
9059,-0.358,115,
9069,-0.358,104,
9079,-0.359,107,
9089,-0.359,105,
9099,-0.358,103,
9109,-0.358,114,
9119,-0.359,106,
9129,-0.358,111,
9139,-0.358,109,
9149,-0.358,112,
9159,-0.359,111,
9169,-0.359,107,
9179,-0.358,108,
9189,-0.359,107,
9199,-0.359,104,
9209,-0.359,106,
9219,-0.359,110,
9229,-0.359,103,
9239,-0.359,109,
9249,-0.359,104,
9259,-0.359,106,
9269,-0.359,107,
9279,-0.359,112,
9289,-0.359,110,
9299,-0.359,111,
9309,-0.359,107,
9319,-0.359,113,
9329,-0.359,107,
9339,-0.359,110,
9349,-0.359,109,
9359,-0.359,110,
9369,-0.358,105,
9379,-0.359,106,
9389,-0.359,113,
9399,-0.359,109,
9409,-0.359,110,
9419,-0.359,111,
9429,-0.359,109,
9439,-0.359,112,
9449,-0.359,105,
9459,-0.359,113,
9469,-0.359,112,
9479,-0.359,111,
9489,-0.359,114,
9499,-0.359,111,
9509,-0.359,109,
9519,-0.359,115,
9529,-0.359,108,
9539,-0.359,113,
9549,-0.359,108,
9559,-0.359,113,
9569,-0.359,114,
9579,-0.359,112,
9589,-0.359,111,
9599,-0.359,109,
9609,-0.359,109,
9619,-0.359,114,
9629,-0.359,113,
9639,-0.36,110,
9649,-0.359,109,
9659,-0.359,117,
9669,-0.359,115,
9679,-0.359,113,
9689,-0.359,114,
9699,-0.359,112,
9709,-0.359,119,
9719,-0.359,110,
9729,-0.359,113,
9739,-0.358,111,
9749,-0.359,111,
9759,-0.359,119,
9769,-0.359,108,
9779,-0.359,106,
9789,-0.359,115,
9799,-0.359,113,
9809,-0.359,111,
9819,-0.359,114,
9829,-0.359,114,
9839,-0.359,119,
9849,-0.359,113,
9859,-0.359,117,
9869,-0.359,113,
9879,-0.359,115,
9889,-0.359,116,
9899,-0.359,106,
9909,-0.36,118,
9919,-0.359,117,
9929,-0.36,117,
9939,-0.359,115,
9949,-0.359,116,
9959,-0.359,116,
9969,-0.359,113,
9979,-0.359,119,
9989,-0.359,120,
9999,-0.359,114,
10009,-0.36,116,
10019,-0.359,118,
10029,-0.359,117,
10039,-0.359,115,
10049,-0.359,117,
10059,-0.359,115,
10069,-0.359,120,
10079,-0.359,115,
10089,-0.359,117,
10099,-0.359,118,
10109,-0.359,116,
10119,-0.359,118,
10129,-0.359,113,
10139,-0.359,117,
10149,-0.359,117,
10159,-0.359,117,
10169,-0.359,118,
10179,-0.359,120,
10189,-0.359,120,
10199,-0.359,113,
10209,-0.359,118,
10219,-0.359,121,
10229,-0.359,119,
10239,-0.359,123,
10249,-0.36,118,
10259,-0.359,116,
10269,-0.359,118,
10279,-0.359,118,
10289,-0.359,123,
10299,-0.359,118,
10309,-0.359,120,
10319,-0.36,119,
10329,-0.359,117,
10339,-0.359,119,
10349,-0.359,119,
10359,-0.359,125,
10369,-0.359,122,
10379,-0.359,116,
10389,-0.359,118,
10399,-0.359,118,
10409,-0.359,117,
10419,-0.359,122,
10429,-0.359,122,
10439,-0.359,118,
10449,-0.36,119,
10459,-0.359,119,
10469,-0.359,126,
10479,-0.36,119,
10489,-0.359,119,
10499,-0.359,119,
10509,-0.359,119,
10519,-0.359,122,
10529,-0.359,119,
10539,-0.359,122,
10549,-0.359,120,
10559,-0.359,121,
10569,-0.36,122,
10579,-0.359,124,
10589,-0.359,122,
10599,-0.359,124,
10609,-0.359,119,
10619,-0.359,124,
10629,-0.359,125,
10639,-0.36,122,
10649,-0.359,119,
10659,-0.36,126,
10669,-0.359,124,
10679,-0.359,127,
10689,-0.359,124,
10699,-0.359,120,
10709,-0.359,120,
10719,-0.359,125,
10729,-0.359,123,
10739,-0.359,118,
10749,-0.359,123,
10759,-0.359,122,
10769,-0.359,125,
10779,-0.359,126,
10789,-0.359,125,
10799,-0.359,125,
10809,-0.359,126,
10819,-0.359,125,
10829,-0.359,120,
10839,-0.359,127,
10849,-0.359,124,
10859,-0.359,123,
10869,-0.359,128,
10879,-0.359,123,
10889,-0.359,126,
10899,-0.359,125,
10909,-0.359,123,
10919,-0.359,124,
10929,-0.359,126,
10939,-0.359,128,
10949,-0.359,126,
10959,-0.359,128,
10969,-0.359,125,
10979,-0.359,125,
10989,-0.359,125,
10999,-0.359,131,
11009,-0.359,123,
11019,-0.359,127,
11029,-0.359,128,
11039,-0.359,126,
11049,-0.359,128,
11059,-0.359,126,
11069,-0.359,126,
11079,-0.359,126,
11089,-0.359,124,
11099,-0.359,128,
11109,-0.359,124,
11119,-0.359,128,
11129,-0.359,131,
11139,-0.36,126,
11149,-0.359,132,
11159,-0.359,128,
11169,-0.359,129,
11179,-0.359,126,
11189,-0.359,128,
11199,-0.36,129,
11209,-0.36,130,
11219,-0.359,130,
11229,-0.359,128,
11239,-0.359,129,
11249,-0.359,136,
11259,-0.359,127,
11269,-0.359,128,
11279,-0.359,130,
11289,-0.359,132,
11299,-0.359,134,
11309,-0.359,126,
11319,-0.359,129,
11329,-0.359,133,
11339,-0.359,131,
11349,-0.359,134,
11359,-0.359,130,
11369,-0.359,132,
11379,-0.359,134,
11389,-0.36,129,
11399,-0.359,134,
11409,-0.359,129,
11419,-0.359,132,
11429,-0.359,128,
11439,-0.359,130,
11449,-0.359,136,
11459,-0.359,133,
11469,-0.359,133,
11479,-0.359,133,
11489,-0.359,128,
11499,-0.359,133,
11509,-0.359,131,
11519,-0.359,134,
11529,-0.359,130,
11539,-0.359,127,
11549,-0.359,133,
11559,-0.36,132,
11569,-0.359,136,
11579,-0.359,130,
11589,-0.36,135,
11599,-0.36,137,
11609,-0.359,134,
11619,-0.359,133,
11629,-0.359,137,
11639,-0.36,137,
11649,-0.36,137,
11659,-0.36,137,
11669,-0.359,134,
11679,-0.36,133,
11689,-0.359,133,
11699,-0.359,133,
11709,-0.359,130,
11719,-0.36,136,
11729,-0.36,133,
11739,-0.36,137,
11749,-0.359,137,
11759,-0.359,131,
11769,-0.36,133,
11779,-0.36,138,
11789,-0.359,134,
11799,-0.36,133,
11809,-0.36,138,
11819,-0.359,137,
11829,-0.359,133,
11839,-0.359,137,
11849,-0.359,136,
11859,-0.359,134,
11869,-0.359,133,
11879,-0.359,142,
11889,-0.359,138,
11899,-0.36,136,
11909,-0.359,135,
11919,-0.359,139,
11929,-0.359,139,
11939,-0.359,138,
11949,-0.359,136,
11959,-0.36,138,
11969,-0.359,133,
11979,-0.359,137,
11989,-0.359,135,
11999,-0.359,139,
12009,-0.36,138,
12019,-0.359,141,
12029,-0.36,139,
12039,-0.36,136,
12049,-0.36,139,
12059,-0.359,144,
12069,-0.36,138,
12079,-0.36,141,
12089,-0.359,139,
12099,-0.36,143,
12109,-0.359,140,
12119,-0.359,136,
12129,-0.359,142,
12139,-0.359,140,
12149,-0.36,138,
12159,-0.359,140,
12169,-0.36,139,
12179,-0.359,143,
12189,-0.359,139,
12199,-0.359,143,
12209,-0.359,138,
12219,-0.36,141,
12229,-0.359,141,
12239,-0.359,140,
12249,-0.359,144,
12259,-0.359,141,
12269,-0.359,141,
12279,-0.359,145,
12289,-0.359,144,
12299,-0.36,144,
12309,-0.359,139,
12319,-0.359,137,
12329,-0.359,138,
12339,-0.359,140,
12349,-0.36,142,
12359,-0.359,143,
12369,-0.359,137,
12379,-0.359,143,
12389,-0.359,146,
12399,-0.359,143,
12409,-0.359,148,
12419,-0.359,137,
12429,-0.36,143,
12439,-0.36,143,
12449,-0.36,141,
12459,-0.359,147,
12469,-0.359,140,
12479,-0.36,148,
12489,-0.36,143,
12499,-0.359,142,
12509,-0.36,148,
12519,-0.36,143,
12529,-0.359,142,
12539,-0.36,145,
12549,-0.36,143,
12559,-0.359,144,
12569,-0.359,146,
12579,-0.359,142,
12589,-0.359,142,
12599,-0.359,138,
12609,-0.36,148,
12619,-0.359,145,
12629,-0.359,148,
12639,-0.359,144,
12649,-0.359,145,
12659,-0.36,145,
12669,-0.36,147,
12679,-0.359,143,
12689,-0.359,145,
12699,-0.359,144,
12709,-0.359,148,
12719,-0.36,142,
12729,-0.36,147,
12739,-0.359,142,
12749,-0.359,149,
12759,-0.359,149,
12769,-0.359,148,
12779,-0.36,150,
12789,-0.36,146,
12799,-0.359,145,
12809,-0.359,148,
12819,-0.36,145,
12829,-0.36,149,
12839,-0.36,145,
12849,-0.359,146,
12859,-0.359,149,
12869,-0.36,148,
12879,-0.359,140,
12889,-0.359,147,
12899,-0.359,142,
12909,-0.36,149,
12919,-0.359,148,
12929,-0.359,150,
12939,-0.36,146,
12949,-0.359,146,
12959,-0.36,147,
12969,-0.36,144,
12979,-0.36,152,
12989,-0.359,148,
12999,-0.359,148,
13009,-0.359,152,
13019,-0.359,150,
13029,-0.36,149,
13039,-0.359,148,
13049,-0.359,149,
13059,-0.359,146,
13069,-0.359,150,
13079,-0.359,153,
13089,-0.359,150,
13099,-0.359,145,
13109,-0.359,150,
13119,-0.359,148,
13129,-0.36,151,
13139,-0.36,153,
13149,-0.359,149,
13159,-0.359,145,
13169,-0.359,149,
13179,-0.359,155,
13189,-0.359,148,
13199,-0.36,149,
13209,-0.36,148,
13219,-0.359,151,
13229,-0.36,146,
13239,-0.36,153,
13249,-0.359,148,
13259,-0.359,147,
13269,-0.359,150,
13279,-0.36,150,
13289,-0.359,151,
13299,-0.359,153,
13309,-0.36,152,
13319,-0.36,154,
13329,-0.36,155,
13339,-0.359,153,
13349,-0.36,152,
13359,-0.359,151,
13369,-0.359,155,
13379,-0.36,153,
13389,-0.36,158,
13399,-0.36,147,
13409,-0.359,152,
13419,-0.36,155,
13429,-0.36,152,
13439,-0.36,152,
13449,-0.36,152,
13459,-0.359,159,
13469,-0.359,152,
13479,-0.359,155,
13489,-0.359,151,
13499,-0.359,153,
13509,-0.359,147,
13519,-0.359,155,
13529,-0.359,152,
13539,-0.359,151,
13549,-0.359,155,
13559,-0.36,154,
13569,-0.359,150,
13579,-0.36,152,
13589,-0.359,153,
13599,-0.36,152,
13609,-0.36,154,
13619,-0.359,155,
13629,-0.36,153,
13639,-0.359,152,
13649,-0.359,154,
13659,-0.359,153,
13669,-0.359,160,
13679,-0.359,152,
13689,-0.359,155,
13699,-0.36,150,
13709,-0.359,155,
13719,-0.36,158,
13729,-0.36,155,
13739,-0.359,153,
13749,-0.36,157,
13759,-0.359,155,
13769,-0.36,151,
13779,-0.36,154,
13789,-0.36,157,
13799,-0.36,154,
13809,-0.36,158,
13819,-0.36,160,
13829,-0.359,157,
13839,-0.36,158,
13849,-0.36,158,
13859,-0.36,157,
13869,-0.36,156,
13879,-0.36,155,
13889,-0.36,159,
13899,-0.36,158,
13909,-0.36,162,
13919,-0.36,156,
13929,-0.36,152,
13939,-0.36,160,
13949,-0.36,152,
13959,-0.36,161,
13969,-0.36,155,
13979,-0.359,156,
13989,-0.359,162,
13999,-0.36,156,
14009,-0.36,156,
14019,-0.36,163,
14029,-0.36,156,
14039,-0.36,158,
14049,-0.36,161,
14059,-0.36,157,
14069,-0.36,158,
14079,-0.36,157,
14089,-0.359,163,
14099,-0.36,163,
14109,-0.359,159,
14119,-0.359,158,
14129,-0.359,157,
14139,-0.359,160,
14149,-0.36,160,
14159,-0.359,160,
14169,-0.36,167,
14179,-0.359,159,
14189,-0.36,161,
14199,-0.36,162,
14209,-0.36,157,
14219,-0.36,164,
14229,-0.36,158,
14239,-0.36,160,
14249,-0.36,153,
14259,-0.36,160,
14269,-0.36,162,
14279,-0.36,160,
14289,-0.36,161,
14299,-0.36,164,
14309,-0.36,163,
14319,-0.359,164,
14329,-0.359,154,
14339,-0.36,163,
14349,-0.36,161,
14359,-0.36,160,
14369,-0.36,163,
14379,-0.36,163,
14389,-0.36,160,
14399,-0.36,164,
14409,-0.36,160,
14419,-0.36,165,
14429,-0.36,166,
14439,-0.36,162,
14449,-0.359,165,
14459,-0.36,161,
14469,-0.36,162,
14479,-0.36,161,
14489,-0.36,159,
14499,-0.359,163,
14509,-0.36,162,
14519,-0.36,165,
14529,-0.36,161,
14539,-0.36,166,
14549,-0.36,162,
14559,-0.36,160,
14569,-0.36,163,
14579,-0.36,163,
14589,-0.36,168,
14599,-0.36,160,
14609,-0.36,162,
14619,-0.359,167,
14629,-0.359,165,
14639,-0.359,169,
14649,-0.359,165,
14659,-0.36,167,
14669,-0.359,164,
14679,-0.359,170,
14689,-0.36,165,
14699,-0.36,165,
14709,-0.36,167,
14719,-0.36,167,
14729,-0.36,165,
14739,-0.359,167,
14749,-0.36,164,
14759,-0.36,165,
14769,-0.36,165,
14779,-0.36,164,
14789,-0.36,162,
14799,-0.359,167,
14809,-0.36,168,
14819,-0.36,167,
14829,-0.36,169,
14839,-0.36,162,
14849,-0.359,166,
14859,-0.36,167,
14869,-0.36,167,
14879,-0.36,172,
14889,-0.36,169,
14899,-0.36,169,
14909,-0.36,167,
14919,-0.36,168,
14929,-0.36,168,
14939,-0.36,167,
14949,-0.36,172,
14959,-0.359,170,
14969,-0.359,172,
14979,-0.36,167,
14989,-0.36,166,
14999,-0.36,169,
15009,-0.36,166,
15019,-0.359,167,
15029,-0.36,173,
15039,-0.36,169,
15049,-0.36,167,
15059,-0.36,168,
15069,-0.36,171,
15079,-0.36,166,
15089,-0.359,171,
15099,-0.36,168,
15109,-0.359,167,
15119,-0.36,170,
15129,-0.36,172,
15139,-0.36,170,
15149,-0.36,173,
15159,-0.36,172,
15169,-0.36,167,
15179,-0.36,171,
15189,-0.36,169,
15199,-0.36,174,
15209,-0.36,168,
15219,-0.36,169,
15229,-0.36,173,
15239,-0.36,170,
15249,-0.36,169,
15259,-0.36,166,
15269,-0.36,172,
15279,-0.36,170,
15289,-0.36,169,
15299,-0.359,172,
15309,-0.359,172,
15319,-0.36,170,
15329,-0.36,172,
15339,-0.36,171,
15349,-0.36,175,
15359,-0.36,169,
15369,-0.36,171,
15379,-0.36,175,
15389,-0.36,172,
15399,-0.36,175,
15409,-0.36,173,
15419,-0.36,172,
15429,-0.36,171,
15439,-0.36,172,
15449,-0.36,173,
15459,-0.36,175,
15469,-0.36,177,
15479,-0.36,177,
15489,-0.36,173,
15499,-0.36,173,
15509,-0.36,173,
15519,-0.359,177,
15529,-0.359,176,
15539,-0.36,170,
15549,-0.36,172,
15559,-0.36,174,
15569,-0.36,174,
15579,-0.36,175,
15589,-0.36,171,
15599,-0.36,177,
15609,-0.36,175,
15619,-0.36,175,
15629,-0.36,176,
15639,-0.36,177,
15649,-0.36,177,
15659,-0.36,174,
15669,-0.36,176,
15679,-0.36,175,
15689,-0.36,177,
15699,-0.36,172,
15709,-0.36,170,
15719,-0.36,174,
15729,-0.36,177,
15739,-0.36,177,
15749,-0.36,176,
15759,-0.36,181,
15769,-0.36,176,
15779,-0.36,175,
15789,-0.36,176,
15799,-0.359,175,
15809,-0.36,177,
15819,-0.36,174,
15829,-0.36,180,
15839,-0.36,177,
15849,-0.36,180,
15859,-0.359,180,
15869,-0.359,178,
15879,-0.36,181,
15889,-0.36,176,
15899,-0.36,180,
15909,-0.36,178,
15919,-0.36,177,
15929,-0.36,180,
15939,-0.36,177,
15949,-0.36,179,
15959,-0.36,179,
15969,-0.36,177,
15979,-0.36,178,
15989,-0.36,176,
15999,-0.36,179,
16009,-0.36,179,
16019,-0.36,175,
16029,-0.36,178,
16039,-0.36,174,
16049,-0.36,179,
16059,-0.36,180,
16069,-0.36,181,
16079,-0.36,175,
16089,-0.36,183,
16099,-0.36,178,
16109,-0.36,177,
16119,-0.36,177,
16129,-0.36,180,
16139,-0.36,181,
16149,-0.36,179,
16159,-0.36,178,
16169,-0.36,178,
16179,-0.36,182,
16189,-0.36,180,
16199,-0.359,179,
16209,-0.36,182,
16219,-0.359,177,
16229,-0.36,179,
16239,-0.36,181,
16249,-0.36,178,
16259,-0.36,188,
16269,-0.36,177,
16279,-0.36,185,
16289,-0.36,181,
16299,-0.36,180,
16309,-0.36,181,
16319,-0.36,179,
16329,-0.36,184,
16339,-0.36,177,
16349,-0.36,182,
16359,-0.36,180,
16369,-0.36,184,
16379,-0.36,184,
16389,-0.36,186,
16399,-0.36,178,
16409,-0.36,189,
16419,-0.36,183,
16429,-0.36,182,
16439,-0.36,181,
16449,-0.36,177,
16459,-0.36,181,
16469,-0.36,185,
16479,-0.36,183,
16489,-0.36,183,
16499,-0.359,186,
16509,-0.36,182,
16519,-0.36,187,
16529,-0.36,184,
16539,-0.36,183,
16549,-0.36,183,
16559,-0.36,187,
16569,-0.36,182,
16579,-0.36,188,
16589,-0.359,185,
16599,-0.359,187,
16609,-0.359,185,
16619,-0.359,184,
16629,-0.359,185,
16639,-0.36,185,
16649,-0.36,184,
16659,-0.36,189,
16669,-0.36,181,
16679,-0.36,191,
16689,-0.36,188,
16699,-0.36,184,
16709,-0.36,187,
16719,-0.36,183,
16729,-0.36,190,
16739,-0.36,187,
16749,-0.36,186,
16759,-0.36,183,
16769,-0.36,188,
16779,-0.36,189,
16789,-0.36,186,
16799,-0.36,185,
16809,-0.36,188,
16819,-0.36,186,
16829,-0.36,183,
16839,-0.36,190,
16849,-0.36,185,
16859,-0.36,182,
16869,-0.36,190,
16879,-0.36,187,
16889,-0.36,187,
16899,-0.36,187,
16909,-0.36,191,
16919,-0.36,189,
16929,-0.36,189,
16939,-0.36,188,
16949,-0.36,190,
16959,-0.36,186,
16969,-0.36,188,
16979,-0.36,192,
16989,-0.36,184,
16999,-0.36,193,
17009,-0.36,191,
17019,-0.36,189,
17029,-0.36,191,
17039,-0.36,194,
17049,-0.36,193,
17059,-0.36,195,
17069,-0.36,191,
17079,-0.36,185,
17089,-0.36,191,
17099,-0.36,191,
17109,-0.36,186,
17119,-0.36,185,
17129,-0.36,190,
17139,-0.36,191,
17149,-0.36,185,
17159,-0.36,189,
17169,-0.36,188,
17179,-0.36,192,
17189,-0.36,195,
17199,-0.36,187,
17209,-0.36,188,
17219,-0.36,187,
17229,-0.36,192,
17239,-0.36,195,
17249,-0.36,190,
17259,-0.36,197,
17269,-0.36,192,
17279,-0.36,193,
17289,-0.36,196,
17299,-0.36,190,
17309,-0.36,191,
17319,-0.36,190,
17329,-0.36,188,
17339,-0.36,195,
17349,-0.36,192,
17359,-0.36,189,
17369,-0.36,192,
17379,-0.36,196,
17389,-0.36,197,
17399,-0.36,193,
17409,-0.36,188,
17419,-0.36,195,
17429,-0.361,192,
17439,-0.361,192,
17449,-0.36,189,
17459,-0.36,195,
17469,-0.36,194,
17479,-0.36,196,
17489,-0.36,194,
17499,-0.36,192,
17509,-0.361,198,
17519,-0.36,198,
17529,-0.36,196,
17539,-0.36,198,
17549,-0.36,194,
17559,-0.36,196,
17569,-0.36,198,
17579,-0.36,191,
17589,-0.36,191,
17599,-0.36,197,
17609,-0.36,194,
17619,-0.36,193,
17629,-0.36,194,
17639,-0.361,191,
17649,-0.36,190,
17659,-0.36,199,
17669,-0.36,197,
17679,-0.36,192,
17689,-0.36,193,
17699,-0.36,191,
17709,-0.36,193,
17719,-0.36,191,
17729,-0.36,195,
17739,-0.36,200,
17749,-0.36,195,
17759,-0.36,193,
17769,-0.36,198,
17779,-0.36,196,
17789,-0.36,198,
17799,-0.36,196,
17809,-0.361,196,
17819,-0.36,202,
17829,-0.36,193,
17839,-0.36,198,
17849,-0.36,194,
17859,-0.36,200,
17869,-0.36,200,
17879,-0.36,194,
17889,-0.36,198,
17899,-0.36,200,
17909,-0.361,194,
17919,-0.36,199,
17929,-0.36,201,
17939,-0.36,195,
17949,-0.36,197,
17959,-0.36,199,
17969,-0.36,196,
17979,-0.36,199,
17989,-0.36,202,
17999,-0.36,199,
18009,-0.36,194,
18019,-0.36,200,
18029,-0.36,199,
18039,-0.36,197,
18049,-0.36,197,
18059,-0.36,195,
18069,-0.36,197,
18079,-0.36,195,
18089,-0.36,201,
18099,-0.36,199,
18109,-0.36,193,
18119,-0.36,201,
18129,-0.36,201,
18139,-0.36,197,
18149,-0.36,199,
18159,-0.36,192,
18169,-0.36,194,
18179,-0.36,201,
18189,-0.36,199,
18199,-0.36,202,
18209,-0.36,201,
18219,-0.36,201,
18229,-0.36,197,
18239,-0.36,200,
18249,-0.36,200,
18259,-0.36,197,
18269,-0.36,206,
18279,-0.36,199,
18289,-0.36,201,
18299,-0.36,199,
18309,-0.36,200,
18319,-0.36,200,
18329,-0.36,207,
18339,-0.36,195,
18349,-0.36,200,
18359,-0.36,201,
18369,-0.36,199,
18379,-0.359,205,
18389,-0.359,200,
18399,-0.36,204,
18409,-0.36,206,
18419,-0.36,205,
18429,-0.36,201,
18439,-0.36,201,
18449,-0.36,205,
18459,-0.36,201,
18469,-0.36,202,
18479,-0.36,205,
18489,-0.36,202,
18499,-0.36,205,
18509,-0.36,204,
18519,-0.36,202,
18529,-0.36,206,
18539,-0.36,211,
18549,-0.36,205,
18559,-0.36,201,
18569,-0.361,206,
18579,-0.36,204,
18589,-0.36,198,
18599,-0.36,209,
18609,-0.36,203,
18619,-0.36,212,
18629,-0.36,201,
18639,-0.36,206,
18649,-0.36,205,
18659,-0.36,201,
18669,-0.36,200,
18679,-0.36,204,
18689,-0.36,205,
18699,-0.36,207,
18709,-0.36,200,
18719,-0.36,203,
18729,-0.36,200,
18739,-0.36,205,
18749,-0.36,207,
18759,-0.36,209,
18769,-0.36,203,
18779,-0.36,209,
18789,-0.36,204,
18799,-0.36,209,
18809,-0.36,206,
18819,-0.36,211,
18829,-0.36,211,
18839,-0.36,208,
18849,-0.36,209,
18859,-0.36,208,
18869,-0.36,201,
18879,-0.36,211,
18889,-0.36,208,
18899,-0.36,210,
18909,-0.36,205,
18919,-0.36,201,
18929,-0.36,212,
18939,-0.36,211,
18949,-0.36,208,
18959,-0.36,210,
18969,-0.36,208,
18979,-0.36,214,
18989,-0.36,205,
18999,-0.36,206,
19009,-0.36,208,
19019,-0.36,210,
19029,-0.36,213,
19039,-0.36,209,
19049,-0.36,208,
19059,-0.36,208,
19069,-0.36,209,
19079,-0.36,214,
19089,-0.36,208,
19099,-0.36,211,
19109,-0.36,211,
19119,-0.36,213,
19129,-0.36,203,
19139,-0.36,209,
19149,-0.36,207,
19159,-0.36,218,
19169,-0.36,208,
19179,-0.36,213,
19189,-0.36,213,
19199,-0.36,210,
19209,-0.36,209,
19219,-0.36,214,
19229,-0.36,216,
19239,-0.36,213,
19249,-0.36,212,
19259,-0.36,212,
19269,-0.36,215,
19279,-0.36,210,
19289,-0.36,210,
19299,-0.36,213,
19309,-0.361,207,
19319,-0.36,212,
19329,-0.36,212,
19339,-0.36,211,
19349,-0.36,210,
19359,-0.36,213,
19369,-0.36,215,
19379,-0.361,216,
19389,-0.36,213,
19399,-0.361,214,
19409,-0.361,213,
19419,-0.36,212,
19429,-0.36,214,
19439,-0.36,210,
19449,-0.36,212,
19459,-0.36,212,
19469,-0.36,214,
19479,-0.36,215,
19489,-0.36,216,
19499,-0.36,218,
19509,-0.36,213,
19519,-0.36,212,
19529,-0.36,213,
19539,-0.36,215,
19549,-0.36,212,
19559,-0.36,216,
19569,-0.36,216,
19579,-0.36,214,
19589,-0.361,212,
19599,-0.36,208,
19609,-0.361,214,
19619,-0.36,210,
19629,-0.36,217,
19639,-0.361,216,
19649,-0.361,213,
19659,-0.36,219,
19669,-0.36,212,
19679,-0.36,215,
19689,-0.36,213,
19699,-0.36,214,
19709,-0.36,212,
19719,-0.36,216,
19729,-0.36,218,
19739,-0.36,216,
19749,-0.36,220,
19759,-0.36,219,
19769,-0.36,219,
19779,-0.36,218,
19789,-0.36,219,
19799,-0.36,220,
19809,-0.361,216,
19819,-0.36,217,
19829,-0.36,220,
19839,-0.36,217,
19849,-0.36,220,
19859,-0.361,219,
19869,-0.36,219,
19879,-0.36,220,
19889,-0.36,215,
19899,-0.36,218,
19909,-0.36,218,
19919,-0.36,218,
19929,-0.36,219,
19939,-0.36,219,
19949,-0.36,221,
19959,-0.36,222,
19969,-0.36,218,
19979,-0.36,218,
19989,-0.36,223,
19999,-0.36,218,
20009,-0.36,224,
20019,-0.36,220,
20029,-0.36,219,
20039,-0.36,222,
20049,-0.36,218,
20059,-0.36,219,
20069,-0.361,220,
20079,-0.361,221,
20089,-0.36,220,
20099,-0.36,217,
20109,-0.361,221,
20119,-0.36,220,
20129,-0.36,218,
20139,-0.36,220,
20149,-0.36,223,
20159,-0.36,219,
20169,-0.36,221,
20179,-0.36,225,
20189,-0.36,218,
20199,-0.36,222,
20209,-0.36,225,
20219,-0.361,220,
20229,-0.36,223,
20239,-0.361,222,
20249,-0.36,218,
20259,-0.36,222,
20269,-0.36,224,
20279,-0.36,221,
20289,-0.36,222,
20299,-0.361,225,
20309,-0.361,225,
20319,-0.361,222,
20329,-0.36,225,
20339,-0.36,221,
20349,-0.36,227,
20359,-0.36,224,
20369,-0.36,222,
20379,-0.36,221,
20389,-0.36,221,
20399,-0.36,224,
20409,-0.36,227,
20419,-0.36,221,
20429,-0.36,219,
20439,-0.36,222,
20449,-0.36,221,
20459,-0.36,223,
20469,-0.361,225,
20479,-0.361,224,
20489,-0.36,229,
20499,-0.36,222,
20509,-0.36,224,
20519,-0.36,221,
20529,-0.36,222,
20539,-0.361,220,
20549,-0.361,220,
20559,-0.36,220,
20569,-0.36,222,
20579,-0.36,226,
20589,-0.36,227,
20599,-0.361,219,
20609,-0.36,227,
20619,-0.36,220,
20629,-0.36,228,
20639,-0.36,226,
20649,-0.36,225,
20659,-0.36,228,
20669,-0.36,221,
20679,-0.36,227,
20689,-0.36,230,
20699,-0.36,224,
20709,-0.36,229,
20719,-0.36,224,
20729,-0.36,227,
20739,-0.361,227,
20749,-0.36,225,
20759,-0.36,232,
20769,-0.36,225,
20779,-0.36,226,
20789,-0.361,227,
20799,-0.36,222,
20809,-0.36,225,
20819,-0.361,227,
20829,-0.36,231,
20839,-0.36,227,
20849,-0.36,228,
20859,-0.36,226,
20869,-0.36,231,
20879,-0.36,227,
20889,-0.36,231,
20899,-0.36,230,
20909,-0.36,228,
20919,-0.36,229,
20929,-0.36,227,
20939,-0.36,232,
20949,-0.36,227,
20959,-0.36,232,
20969,-0.36,234,
20979,-0.36,231,
20989,-0.361,233,
20999,-0.36,223,
21009,-0.36,235,
21019,-0.36,223,
21029,-0.36,228,
21039,-0.36,232,
21049,-0.36,231,
21059,-0.361,231,
21069,-0.36,228,
21079,-0.36,231,
21089,-0.36,228,
21099,-0.36,230,
21109,-0.36,230,
21119,-0.36,228,
21129,-0.36,226,
21139,-0.361,229,
21149,-0.36,228,
21159,-0.361,232,
21169,-0.36,231,
21179,-0.36,229,
21189,-0.36,234,
21199,-0.36,233,
21209,-0.36,234,
21219,-0.36,230,
21229,-0.36,232,
21239,-0.36,234,
21249,-0.36,232,
21259,-0.36,229,
21269,-0.36,234,
21279,-0.36,230,
21289,-0.36,233,
21299,-0.36,235,
21309,-0.36,232,
21319,-0.36,231,
21329,-0.36,235,
21339,-0.36,233,
21349,-0.36,236,
21359,-0.36,234,
21369,-0.36,236,
21379,-0.36,232,
21389,-0.36,235,
21399,-0.36,236,
21409,-0.36,235,
21419,-0.361,236,
21429,-0.36,231,
21439,-0.36,235,
21449,-0.36,234,
21459,-0.36,237,
21469,-0.36,236,
21479,-0.36,232,
21489,-0.36,238,
21499,-0.36,228,
21509,-0.36,235,
21519,-0.36,236,
21529,-0.36,235,
21539,-0.36,233,
21549,-0.36,238,
21559,-0.361,233,
21569,-0.36,232,
21579,-0.36,237,
21589,-0.36,236,
21599,-0.36,240,
21609,-0.361,235,
21619,-0.36,239,
21629,-0.361,235,
21639,-0.36,237,
21649,-0.361,237,
21659,-0.36,231,
21669,-0.36,241,
21679,-0.36,236,
21689,-0.36,239,
21699,-0.36,237,
21709,-0.36,233,
21719,-0.36,242,
21729,-0.361,237,
21739,-0.36,237,
21749,-0.36,242,
21759,-0.36,239,
21769,-0.36,239,
21779,-0.36,235,
21789,-0.36,237,
21799,-0.36,240,
21809,-0.36,235,
21819,-0.36,240,
21829,-0.36,241,
21839,-0.36,241,
21849,-0.361,239,
21859,-0.36,236,
21869,-0.36,239,
21879,-0.36,245,
21889,-0.36,237,
21899,-0.36,236,
21909,-0.36,239,
21919,-0.36,241,
21929,-0.36,235,
21939,-0.361,236,
21949,-0.36,240,
21959,-0.36,236,
21969,-0.36,241,
21979,-0.36,234,
21989,-0.36,240,
21999,-0.36,243,
22009,-0.36,235,
22019,-0.361,241,
22029,-0.361,240,
22039,-0.361,243,
22049,-0.36,244,
22059,-0.36,242,
22069,-0.361,239,
22079,-0.36,238,
22089,-0.361,241,
22099,-0.36,240,
22109,-0.36,239,
22119,-0.36,246,
22129,-0.36,237,
22139,-0.361,243,
22149,-0.36,242,
22159,-0.36,243,
22169,-0.361,245,
22179,-0.36,240,
22189,-0.36,241,
22199,-0.36,241,
22209,-0.36,238,
22219,-0.36,246,
22229,-0.36,237,
22239,-0.36,241,
22249,-0.36,244,
22259,-0.36,244,
22269,-0.361,241,
22279,-0.36,244,
22289,-0.36,241,
22299,-0.36,246,
22309,-0.361,244,
22319,-0.36,242,
22329,-0.36,243,
22339,-0.36,243,
22349,-0.36,245,
22359,-0.36,246,
22369,-0.36,243,
22379,-0.36,244,
22389,-0.36,243,
22399,-0.36,247,
22409,-0.36,254,
22419,-0.36,246,
22429,-0.36,247,
22439,-0.36,241,
22449,-0.36,247,
22459,-0.36,245,
22469,-0.36,245,
22479,-0.36,242,
22489,-0.36,245,
22499,-0.36,244,
22509,-0.361,246,
22519,-0.361,249,
22529,-0.36,246,
22539,-0.361,241,
22549,-0.361,244,
22559,-0.361,242,
22569,-0.36,245,
22579,-0.36,250,
22589,-0.36,247,
22599,-0.36,245,
22609,-0.361,247,
22619,-0.36,241,
22629,-0.36,245,
22639,-0.36,248,
22649,-0.36,245,
22659,-0.36,244,
22669,-0.361,250,
22679,-0.361,250,
22689,-0.361,248,
22699,-0.36,248,
22709,-0.36,249,
22719,-0.36,250,
22729,-0.36,248,
22739,-0.361,249,
22749,-0.361,244,
22759,-0.361,247,
22769,-0.361,248,
22779,-0.361,243,
22789,-0.361,248,
22799,-0.36,247,
22809,-0.361,245,
22819,-0.361,246,
22829,-0.361,251,
22839,-0.361,251,
22849,-0.36,245,
22859,-0.361,251,
22869,-0.36,251,
22879,-0.361,250,
22889,-0.361,248,
22899,-0.361,246,
22909,-0.361,248,
22919,-0.36,246,
22929,-0.36,252,
22939,-0.361,253,
22949,-0.361,250,
22959,-0.361,247,
22969,-0.36,250,
22979,-0.36,253,
22989,-0.36,249,
22999,-0.36,252,
23009,-0.361,253,
23019,-0.361,243,
23029,-0.36,253,
23039,-0.36,251,
23049,-0.36,255,
23059,-0.36,248,
23069,-0.36,249,
23079,-0.361,254,
23089,-0.361,249,
23099,-0.361,250,
23109,-0.36,255,
23119,-0.36,253,
23129,-0.361,250,
23139,-0.361,251,
23149,-0.36,253,
23159,-0.361,256,
23169,-0.36,249,
23179,-0.361,248,
23189,-0.361,254,
23199,-0.361,251,
23209,-0.361,253,
23219,-0.361,253,
23229,-0.361,250,
23239,-0.36,256,
23249,-0.36,252,
23259,-0.36,255,
23269,-0.361,254,
23279,-0.361,253,
23289,-0.361,251,
23299,-0.361,255,
23309,-0.36,255,
23319,-0.361,251,
23329,-0.36,252,
23339,-0.361,251,
23349,-0.361,254,
23359,-0.36,254,
23369,-0.361,252,
23379,-0.361,255,
23389,-0.361,254,
23399,-0.361,255,
23409,-0.361,254,
23419,-0.361,251,
23429,-0.361,252,
23439,-0.361,254,
23449,-0.361,253,
23459,-0.361,256,
23469,-0.361,259,
23479,-0.361,256,
23489,-0.361,254,
23499,-0.36,261,
23509,-0.361,256,
23519,-0.361,253,
23529,-0.361,254,
23539,-0.36,250,
23549,-0.361,258,
23559,-0.36,258,
23569,-0.361,255,
23579,-0.361,258,
23589,-0.361,258,
23599,-0.361,257,
23609,-0.361,256,
23619,-0.361,261,
23629,-0.361,254,
23639,-0.361,257,
23649,-0.361,258,
23659,-0.361,258,
23669,-0.361,256,
23679,-0.361,255,
23689,-0.361,256,
23699,-0.361,256,
23709,-0.36,258,
23719,-0.36,256,
23729,-0.36,259,
23739,-0.361,258,
23749,-0.36,258,
23759,-0.36,259,
23769,-0.361,256,
23779,-0.361,258,
23789,-0.36,263,
23799,-0.36,261,
23809,-0.361,259,
23819,-0.361,259,
23829,-0.36,255,
23839,-0.361,256,
23849,-0.361,258,
23859,-0.361,260,
23869,-0.361,258,
23879,-0.361,256,
23889,-0.361,260,
23899,-0.361,255,
23909,-0.361,258,
23919,-0.361,257,
23929,-0.36,258,
23939,-0.361,259,
23949,-0.361,257,
23959,-0.361,262,
23969,-0.361,262,
23979,-0.361,259,
23989,-0.361,261,
23999,-0.36,256,
24009,-0.36,263,
24019,-0.361,254,
24029,-0.36,259,
24039,-0.361,263,
24049,-0.361,261,
24059,-0.361,258,
24069,-0.36,258,
24079,-0.361,256,
24089,-0.361,264,
24099,-0.361,258,
24109,-0.361,262,
24119,-0.361,260,
24129,-0.36,262,
24139,-0.361,264,
24149,-0.361,264,
24159,-0.361,263,
24169,-0.36,260,
24179,-0.36,262,
24189,-0.36,266,
24199,-0.36,263,
24209,-0.361,262,
24219,-0.361,265,
24229,-0.361,263,
24239,-0.361,266,
24249,-0.361,259,
24259,-0.361,264,
24269,-0.361,257,
24279,-0.361,263,
24289,-0.361,263,
24299,-0.36,262,
24309,-0.361,265,
24319,-0.361,262,
24329,-0.36,258,
24339,-0.361,265,
24349,-0.361,262,
24359,-0.361,263,
24369,-0.361,261,
24379,-0.361,264,
24389,-0.361,261,
24399,-0.361,263,
24409,-0.361,267,
24419,-0.361,259,
24429,-0.361,266,
24439,-0.361,265,
24449,-0.361,265,
24459,-0.361,260,
24469,-0.361,264,
24479,-0.361,267,
24489,-0.361,264,
24499,-0.361,264,
24509,-0.361,267,
24519,-0.361,260,
24529,-0.361,261,
24539,-0.361,268,
24549,-0.361,263,
24559,-0.361,265,
24569,-0.36,267,
24579,-0.361,265,
24589,-0.36,264,
24599,-0.36,267,
24609,-0.361,263,
24619,-0.361,265,
24629,-0.361,264,
24639,-0.361,266,
24649,-0.361,268,
24659,-0.361,268,
24669,-0.36,270,
24679,-0.361,266,
24689,-0.36,266,
24699,-0.361,266,
24709,-0.361,271,
24719,-0.361,265,
24729,-0.361,266,
24739,-0.361,265,
24749,-0.361,267,
24759,-0.361,263,
24769,-0.361,268,
24779,-0.361,263,
24789,-0.361,263,
24799,-0.361,263,
24809,-0.36,271,
24819,-0.361,271,
24829,-0.361,266,
24839,-0.361,267,
24849,-0.361,267,
24859,-0.361,271,
24869,-0.361,272,
24879,-0.361,266,
24889,-0.361,271,
24899,-0.361,266,
24909,-0.361,269,
24919,-0.361,266,
24929,-0.361,264,
24939,-0.361,271,
24949,-0.361,272,
24959,-0.361,274,
24969,-0.361,273,
24979,-0.361,269,
24989,-0.361,269,
24999,-0.361,272,
25009,-0.361,269,
25019,-0.361,272,
25029,-0.361,268,
25039,-0.36,270,
25049,-0.361,266,
25059,-0.361,266,
25069,-0.361,274,
25079,-0.361,270,
25089,-0.361,270,
25099,-0.361,270,
25109,-0.36,272,
25119,-0.361,271,
25129,-0.361,271,
25139,-0.361,270,
25149,-0.361,272,
25159,-0.361,271,
25169,-0.361,270,
25179,-0.361,272,
25189,-0.361,268,
25199,-0.361,269,
25209,-0.361,270,
25219,-0.361,274,
25229,-0.361,274,
25239,-0.36,273,
25249,-0.361,271,
25259,-0.36,273,
25269,-0.361,274,
25279,-0.36,271,
25289,-0.36,276,
25299,-0.361,276,
25309,-0.36,272,
25319,-0.361,275,
25329,-0.361,274,
25339,-0.36,271,
25349,-0.361,275,
25359,-0.361,268,
25369,-0.361,274,
25379,-0.361,269,
25389,-0.361,271,
25399,-0.361,274,
25409,-0.361,276,
25419,-0.361,273,
25429,-0.361,275,
25439,-0.361,273,
25449,-0.361,278,
25459,-0.361,273,
25469,-0.361,275,
25479,-0.36,275,
25489,-0.361,278,
25499,-0.361,278,
25509,-0.361,275,
25519,-0.361,280,
25529,-0.361,270,
25539,-0.36,279,
25549,-0.361,275,
25559,-0.36,272,
25569,-0.361,276,
25579,-0.361,272,
25589,-0.361,270,
25599,-0.361,281,
25609,-0.361,275,
25619,-0.361,275,
25629,-0.361,274,
25639,-0.361,273,
25649,-0.361,279,
25659,-0.361,274,
25669,-0.361,281,
25679,-0.36,282,
25689,-0.361,277,
25699,-0.36,275,
25709,-0.36,274,
25719,-0.361,277,
25729,-0.36,279,
25739,-0.361,279,
25749,-0.36,280,
25759,-0.361,274,
25769,-0.361,278,
25779,-0.361,278,
25789,-0.361,276,
25799,-0.361,277,
25809,-0.361,276,
25819,-0.361,279,
25829,-0.361,275,
25839,-0.361,276,
25849,-0.361,281,
25859,-0.361,281,
25869,-0.361,275,
25879,-0.36,275,
25889,-0.361,282,
25899,-0.361,283,
25909,-0.361,275,
25919,-0.361,276,
25929,-0.36,274,
25939,-0.36,279,
25949,-0.36,280,
25959,-0.361,277,
25969,-0.36,284,
25979,-0.36,278,
25989,-0.361,285,
25999,-0.361,279,
26009,-0.361,273,
26019,-0.361,282,
26029,-0.361,280,
26039,-0.361,280,
26049,-0.361,279,
26059,-0.361,282,
26069,-0.361,286,
26079,-0.361,278,
26089,-0.361,280,
26099,-0.361,281,
26109,-0.361,280,
26119,-0.36,283,
26129,-0.361,286,
26139,-0.361,276,
26149,-0.361,283,
26159,-0.361,280,
26169,-0.361,285,
26179,-0.361,283,
26189,-0.361,279,
26199,-0.36,285,
26209,-0.361,280,
26219,-0.361,283,
26229,-0.361,282,
26239,-0.361,279,
26249,-0.361,286,
26259,-0.361,284,
26269,-0.361,285,
26279,-0.361,283,
26289,-0.361,282,
26299,-0.361,282,
26309,-0.361,284,
26319,-0.36,279,
26329,-0.361,284,
26339,-0.361,284,
26349,-0.361,282,
26359,-0.361,284,
26369,-0.36,283,
26379,-0.361,284,
26389,-0.36,283,
26399,-0.361,284,
26409,-0.361,282,
26419,-0.361,282,
26429,-0.361,287,
26439,-0.361,280,
26449,-0.361,285,
26459,-0.361,282,
26469,-0.361,284,
26479,-0.361,286,
26489,-0.361,281,
26499,-0.361,282,
26509,-0.361,287,
26519,-0.361,284,
26529,-0.361,285,
26539,-0.361,284,
26549,-0.361,283,
26559,-0.361,285,
26569,-0.361,281,
26579,-0.361,289,
26589,-0.361,282,
26599,-0.361,287,
26609,-0.361,284,
26619,-0.361,285,
26629,-0.361,285,
26639,-0.361,283,
26649,-0.361,282,
26659,-0.361,283,
26669,-0.361,284,
26679,-0.361,291,
26689,-0.361,283,
26699,-0.361,286,
26709,-0.361,288,
26719,-0.361,289,
26729,-0.361,287,
26739,-0.361,284,
26749,-0.361,285,
26759,-0.361,286,
26769,-0.361,287,
26779,-0.361,289,
26789,-0.361,286,
26799,-0.361,289,
26809,-0.361,293,
26819,-0.361,288,
26829,-0.361,290,
26839,-0.361,286,
26849,-0.361,292,
26859,-0.361,292,
26869,-0.361,290,
26879,-0.361,289,
26889,-0.361,289,
26899,-0.361,292,
26909,-0.361,284,
26919,-0.361,289,
26929,-0.361,291,
26939,-0.361,287,
26949,-0.361,291,
26959,-0.361,287,
26969,-0.361,290,
26979,-0.361,293,
26989,-0.361,289,
26999,-0.361,289,
27009,-0.361,292,
27019,-0.361,290,
27029,-0.361,288,
27039,-0.361,288,
27049,-0.361,291,
27059,-0.361,290,
27069,-0.361,288,
27079,-0.361,288,
27089,-0.361,291,
27099,-0.361,289,
27109,-0.361,291,
27119,-0.361,288,
27129,-0.361,292,
27139,-0.361,288,
27149,-0.361,291,
27159,-0.361,293,
27169,-0.361,294,
27179,-0.361,296,
27189,-0.361,290,
27199,-0.361,290,
27209,-0.361,295,
27219,-0.361,294,
27229,-0.361,290,
27239,-0.361,292,
27249,-0.361,292,
27259,-0.361,294,
27269,-0.361,291,
27279,-0.361,296,
27289,-0.361,291,
27299,-0.361,293,
27309,-0.361,297,
27319,-0.361,292,
27329,-0.361,288,
27339,-0.361,288,
27349,-0.361,291,
27359,-0.361,300,
27369,-0.361,293,
27379,-0.361,295,
27389,-0.361,290,
27399,-0.361,295,
27409,-0.361,293,
27419,-0.361,293,
27429,-0.361,295,
27439,-0.361,291,
27449,-0.361,290,
27459,-0.361,297,
27469,-0.361,295,
27479,-0.36,296,
27489,-0.361,292,
27499,-0.361,291,
27509,-0.361,293,
27519,-0.361,299,
27529,-0.361,292,
27539,-0.361,297,
27549,-0.361,287,
27559,-0.361,298,
27569,-0.361,293,
27579,-0.361,290,
27589,-0.361,297,
27599,-0.361,298,
27609,-0.361,303,
27619,-0.361,294,
27629,-0.361,294,
27639,-0.361,297,
27649,-0.361,292,
27659,-0.361,300,
27669,-0.361,298,
27679,-0.361,294,
27689,-0.361,303,
27699,-0.361,296,
27709,-0.361,298,
27719,-0.361,293,
27729,-0.361,299,
27739,-0.361,303,
27749,-0.361,299,
27759,-0.361,299,
27769,-0.361,294,
27779,-0.361,299,
27789,-0.361,299,
27799,-0.361,294,
27809,-0.361,293,
27819,-0.361,301,
27829,-0.361,300,
27839,-0.361,299,
27849,-0.361,300,
27859,-0.361,293,
27869,-0.361,299,
27879,-0.361,301,
27889,-0.361,300,
27899,-0.361,299,
27909,-0.361,298,
27919,-0.361,301,
27929,-0.361,294,
27939,-0.361,299,
27949,-0.361,298,
27959,-0.361,303,
27969,-0.361,302,
27979,-0.361,300,
27989,-0.361,298,
27999,-0.361,299,
28009,-0.361,297,
28019,-0.361,297,
28029,-0.361,295,
28039,-0.361,301,
28049,-0.361,297,
28059,-0.361,304,
28069,-0.361,300,
28079,-0.361,299,
28089,-0.361,302,
28099,-0.361,299,
28109,-0.361,300,
28119,-0.361,301,
28129,-0.361,297,
28139,-0.361,302,
28149,-0.361,300,
28159,-0.361,304,
28169,-0.361,301,
28179,-0.361,298,
28189,-0.361,304,
28199,-0.361,299,
28209,-0.361,302,
28219,-0.361,303,
28229,-0.361,303,
28239,-0.361,302,
28249,-0.361,302,
28259,-0.361,303,
28269,-0.361,303,
28279,-0.361,301,
28289,-0.361,306,
28299,-0.361,300,
28309,-0.361,299,
28319,-0.361,301,
28329,-0.361,301,
28339,-0.361,303,
28349,-0.361,304,
28359,-0.361,308,
28369,-0.361,304,
28379,-0.362,302,
28389,-0.361,304,
28399,-0.361,301,
28409,-0.361,302,
28419,-0.361,305,
28429,-0.361,306,
28439,-0.361,307,
28449,-0.361,305,
28459,-0.361,308,
28469,-0.361,303,
28479,-0.361,303,
28489,-0.361,307,
28499,-0.361,306,
28509,-0.361,307,
28519,-0.361,306,
28529,-0.361,303,
28539,-0.361,302,
28549,-0.361,303,
28559,-0.361,306,
28569,-0.361,305,
28579,-0.361,307,
28589,-0.361,309,
28599,-0.361,305,
28609,-0.361,304,
28619,-0.361,309,
28629,-0.361,304,
28639,-0.361,306,
28649,-0.361,308,
28659,-0.361,311,
28669,-0.361,305,
28679,-0.361,306,
28689,-0.361,304,
28699,-0.361,305,
28709,-0.361,312,
28719,-0.361,316,
28729,-0.361,307,
28739,-0.361,304,
28749,-0.361,308,
28759,-0.361,308,
28769,-0.361,311,
28779,-0.361,306,
28789,-0.361,310,
28799,-0.361,308,
28809,-0.361,305,
28819,-0.361,311,
28829,-0.361,310,
28839,-0.361,311,
28849,-0.361,311,
28859,-0.361,307,
28869,-0.361,310,
28879,-0.361,309,
28889,-0.361,311,
28899,-0.361,309,
28909,-0.361,308,
28919,-0.361,307,
28929,-0.361,308,
28939,-0.361,310,
28949,-0.361,311,
28959,-0.361,309,
28969,-0.361,315,
28979,-0.361,308,
28989,-0.361,312,
28999,-0.361,314,
29009,-0.361,313,
29019,-0.361,313,
29029,-0.361,312,
29039,-0.361,311,
29049,-0.361,309,
29059,-0.361,313,
29069,-0.361,317,
29079,-0.361,313,
29089,-0.361,310,
29099,-0.361,310,
29109,-0.361,315,
29119,-0.361,308,
29129,-0.361,308,
29139,-0.361,310,
29149,-0.361,311,
29159,-0.361,308,
29169,-0.361,312,
29179,-0.361,309,
29189,-0.361,312,
29199,-0.361,311,
29209,-0.361,311,
29219,-0.361,317,
29229,-0.361,314,
29239,-0.361,318,
29249,-0.361,317,
29259,-0.361,313,
29269,-0.361,313,
29279,-0.361,315,
29289,-0.361,306,
29299,-0.361,317,
29309,-0.361,317,
29319,-0.361,312,
29329,-0.361,318,
29339,-0.361,314,
29349,-0.361,317,
29359,-0.361,314,
29369,-0.361,318,
29379,-0.361,312,
29389,-0.361,318,
29399,-0.361,316,
29409,-0.361,314,
29419,-0.361,316,
29429,-0.361,321,
29439,-0.361,316,
29449,-0.361,313,
29459,-0.361,314,
29469,-0.361,317,
29479,-0.362,315,
29489,-0.361,318,
29499,-0.362,319,
29509,-0.361,312,
29519,-0.361,320,
29529,-0.361,315,
29539,-0.361,317,
29549,-0.361,318,
29559,-0.361,318,
29569,-0.361,319,
29579,-0.361,313,
29589,-0.361,316,
29599,-0.361,319,
29609,-0.361,313,
29619,-0.361,318,
29629,-0.361,316,
29639,-0.361,316,
29649,-0.361,318,
29659,-0.361,318,
29669,-0.361,321,
29679,-0.361,318,
29689,-0.361,318,
29699,-0.361,318,
29709,-0.361,316,
29719,-0.361,319,
29729,-0.361,319,
29739,-0.361,319,
29749,-0.361,318,
29759,-0.361,322,
29769,-0.361,319,
29779,-0.362,317,
29789,-0.361,316,
29799,-0.361,320,
29809,-0.361,319,
29819,-0.361,318,
29829,-0.361,319,
29839,-0.361,320,
29849,-0.361,322,
29859,-0.361,321,
29869,-0.361,320,
29879,-0.361,322,
29889,-0.361,315,
29899,-0.361,321,
29909,-0.361,320,
29919,-0.361,322,
29929,-0.361,319,
29939,-0.361,316,
29949,-0.361,323,
29959,-0.361,320,
29969,-0.361,321,
29979,-0.361,324,
29989,-0.361,325,
29999,-0.362,322,
30009,-0.361,321,
30019,-0.361,322,
30029,-0.361,324,
30039,-0.361,322,
30049,-0.361,325,
30059,-0.361,316,
30069,-0.361,319,
30079,-0.361,324,
30089,-0.362,318,
30099,-0.362,319,
30109,-0.361,318,
30119,-0.362,322,
30129,-0.361,328,
30139,-0.361,323,
30149,-0.361,321,
30159,-0.361,324,
30169,-0.361,323,
30179,-0.361,326,
30189,-0.361,324,
30199,-0.361,326,
30209,-0.361,326,
30219,-0.361,320,
30229,-0.361,323,
30239,-0.361,319,
30249,-0.361,318,
30259,-0.361,324,
30269,-0.361,329,
30279,-0.361,327,
30289,-0.361,327,
30299,-0.361,326,
30309,-0.361,323,
30319,-0.361,324,
30329,-0.361,323,
30339,-0.361,326,
30349,-0.361,326,
30359,-0.361,324,
30369,-0.361,326,
30379,-0.361,322,
30389,-0.361,324,
30399,-0.361,325,
30409,-0.362,319,
30419,-0.361,327,
30429,-0.361,328,
30439,-0.361,319,
30449,-0.362,330,
30459,-0.361,327,
30469,-0.361,326,
30479,-0.361,328,
30489,-0.362,331,
30499,-0.361,328,
30509,-0.362,330,
30519,-0.361,325,
30529,-0.361,326,
30539,-0.361,327,
30549,-0.361,323,
30559,-0.361,331,
30569,-0.361,327,
30579,-0.361,330,
30589,-0.362,325,
30599,-0.362,329,
30609,-0.361,325,
30619,-0.361,324,
30629,-0.361,330,
30639,-0.362,328,
30649,-0.361,328,
30659,-0.362,326,
30669,-0.361,325,
30679,-0.361,331,
30689,-0.361,326,
30699,-0.361,325,
30709,-0.362,330,
30719,-0.361,326,
30729,-0.361,327,
30739,-0.361,328,
30749,-0.361,332,
30759,-0.361,337,
30769,-0.361,325,
30779,-0.361,329,
30789,-0.361,324,
30799,-0.361,331,
30809,-0.361,332,
30819,-0.361,331,
30829,-0.361,326,
30839,-0.361,329,
30849,-0.361,324,
30859,-0.362,333,
30869,-0.362,327,
30879,-0.361,324,
30889,-0.361,325,
30899,-0.361,330,
30909,-0.361,332,
30919,-0.361,332,
30929,-0.361,329,
30939,-0.362,331,
30949,-0.362,332,
30959,-0.362,334,
30969,-0.362,328,
30979,-0.361,333,
30989,-0.361,331,
30999,-0.362,329,
31009,-0.362,325,
31019,-0.361,329,
31029,-0.362,333,
31039,-0.361,334,
31049,-0.361,336,
31059,-0.361,334,
31069,-0.361,329,
31079,-0.361,333,
31089,-0.361,331,
31099,-0.361,327,
31109,-0.362,330,
31119,-0.362,333,
31129,-0.362,336,
31139,-0.361,339,
31149,-0.362,334,
31159,-0.361,334,
31169,-0.361,327,
31179,-0.361,333,
31189,-0.362,332,
31199,-0.361,330,
31209,-0.362,334,
31219,-0.361,332,
31229,-0.362,334,
31239,-0.361,330,
31249,-0.361,331,
31259,-0.362,336,
31269,-0.361,331,
31279,-0.361,335,
31289,-0.361,333,
31299,-0.361,335,
31309,-0.361,334,
31319,-0.361,336,
31329,-0.361,336,
31339,-0.361,334,
31349,-0.362,335,
31359,-0.361,334,
31369,-0.361,335,
31379,-0.361,332,
31389,-0.361,338,
31399,-0.362,336,
31409,-0.361,335,
31419,-0.361,333,
31429,-0.361,336,
31439,-0.361,335,
31449,-0.362,335,
31459,-0.361,340,
31469,-0.362,336,
31479,-0.361,336,
31489,-0.361,339,
31499,-0.362,336,
31509,-0.361,339,
31519,-0.361,336,
31529,-0.361,334,
31539,-0.361,332,
31549,-0.361,332,
31559,-0.361,336,
31569,-0.361,336,
31579,-0.361,335,
31589,-0.361,342,
31599,-0.361,340,
31609,-0.361,341,
31619,-0.361,338,
31629,-0.361,338,
31639,-0.361,334,
31649,-0.361,337,
31659,-0.361,338,
31669,-0.361,338,
31679,-0.361,340,
31689,-0.361,340,
31699,-0.362,334,
31709,-0.361,337,
31719,-0.362,336,
31729,-0.361,340,
31739,-0.361,339,
31749,-0.361,338,
31759,-0.361,338,
31769,-0.361,338,
31779,-0.361,337,
31789,-0.361,335,
31799,-0.362,335,
31809,-0.362,335,
31819,-0.362,339,
31829,-0.362,341,
31839,-0.362,344,
31849,-0.362,335,
31859,-0.361,343,
31869,-0.362,340,
31879,-0.362,338,
31889,-0.361,338,
31899,-0.362,337,
31909,-0.361,342,
31919,-0.362,342,
31929,-0.361,337,
31939,-0.362,340,
31949,-0.362,338,
31959,-0.361,338,
31969,-0.362,341,
31979,-0.361,336,
31989,-0.362,341,
31999,-0.362,336,
32009,-0.362,341,
32019,-0.362,342,
32029,-0.361,338,
32039,-0.362,338,
32049,-0.362,343,
32059,-0.361,343,
32069,-0.362,346,
32079,-0.362,337,
32089,-0.362,345,
32099,-0.362,341,
32109,-0.362,343,
32119,-0.361,340,
32129,-0.361,338,
32139,-0.362,343,
32149,-0.361,339,
32159,-0.362,343,
32169,-0.362,343,
32179,-0.362,348,
32189,-0.362,341,
32199,-0.362,341,
32209,-0.362,341,
32219,-0.362,344,
32229,-0.361,339,
32239,-0.361,347,
32249,-0.361,345,
32259,-0.362,344,
32269,-0.362,341,
32279,-0.362,343,
32289,-0.362,345,
32299,-0.361,344,
32309,-0.362,347,
32319,-0.362,349,
32329,-0.362,342,
32339,-0.362,345,
32349,-0.362,347,
32359,-0.362,343,
32369,-0.362,346,
32379,-0.362,342,
32389,-0.362,347,
32399,-0.361,345,
32409,-0.362,343,
32419,-0.362,343,
32429,-0.361,341,
32439,-0.362,349,
32449,-0.362,344,
32459,-0.362,347,
32469,-0.362,346,
32479,-0.362,342,
32489,-0.361,349,
32499,-0.362,343,
32509,-0.362,345,
32519,-0.362,346,
32529,-0.362,345,
32539,-0.362,348,
32549,-0.362,346,
32559,-0.362,346,
32569,-0.361,346,
32579,-0.362,344,
32589,-0.362,346,
32599,-0.362,343,
32609,-0.362,342,
32619,-0.361,346,
32629,-0.362,346,
32639,-0.361,345,
32649,-0.361,345,
32659,-0.362,340,
32669,-0.362,353,
32679,-0.362,346,
32689,-0.362,350,
32699,-0.362,349,
32709,-0.362,345,
32719,-0.362,348,
32729,-0.362,348,
32739,-0.362,350,
32749,-0.362,349,
32759,-0.362,346,
32769,-0.361,348,
32779,-0.362,353,
32789,-0.362,347,
32799,-0.362,349,
32809,-0.362,346,
32819,-0.361,349,
32829,-0.362,347,
32839,-0.362,351,
32849,-0.361,351,
32859,-0.362,345,
32869,-0.361,351,
32879,-0.362,350,
32889,-0.362,348,
32899,-0.362,352,
32909,-0.362,353,
32919,-0.362,354,
32929,-0.362,350,
32939,-0.362,350,
32949,-0.361,351,
32959,-0.362,349,
32969,-0.362,352,
32979,-0.362,353,
32989,-0.361,356,
32999,-0.362,357,
33009,-0.361,347,
33019,-0.362,349,
33029,-0.362,348,
33039,-0.362,350,
33049,-0.362,350,
33059,-0.362,348,
33069,-0.361,351,
33079,-0.362,354,
33089,-0.362,351,
33099,-0.362,355,
33109,-0.362,354,
33119,-0.362,353,
33129,-0.362,351,
33139,-0.362,353,
33149,-0.362,356,
33159,-0.362,348,
33169,-0.362,352,
33179,-0.362,352,
33189,-0.362,353,
33199,-0.362,358,
33209,-0.361,351,
33219,-0.362,350,
33229,-0.362,354,
33239,-0.362,352,
33249,-0.362,350,
33259,-0.362,351,
33269,-0.362,353,
33279,-0.362,352,
33289,-0.362,355,
33299,-0.362,356,
33309,-0.362,356,
33319,-0.362,353,
33329,-0.362,352,
33339,-0.362,351,
33349,-0.362,359,
33359,-0.362,358,
33369,-0.362,352,
33379,-0.362,358,
33389,-0.362,352,
33399,-0.362,358,
33409,-0.362,349,
33419,-0.362,353,
33429,-0.362,353,
33439,-0.362,352,
33449,-0.362,354,
33459,-0.362,355,
33469,-0.362,352,
33479,-0.362,351,
33489,-0.362,354,
33499,-0.362,354,
33509,-0.362,356,
33519,-0.362,353,
33529,-0.362,357,
33539,-0.362,355,
33549,-0.362,357,
33559,-0.362,353,
33569,-0.362,359,
33579,-0.362,358,
33589,-0.362,356,
33599,-0.362,354,
33609,-0.362,354,
33619,-0.362,355,
33629,-0.362,358,
33639,-0.362,358,
33649,-0.362,356,
33659,-0.362,360,
33669,-0.362,360,
33679,-0.362,355,
33689,-0.362,357,
33699,-0.362,353,
33709,-0.362,354,
33719,-0.362,361,
33729,-0.362,356,
33739,-0.362,357,
33749,-0.362,361,
33759,-0.362,359,
33769,-0.362,356,
33779,-0.362,352,
33789,-0.362,356,
33799,-0.362,359,
33809,-0.362,355,
33819,-0.362,355,
33829,-0.362,358,
33839,-0.362,356,
33849,-0.362,357,
33859,-0.362,359,
33869,-0.362,363,
33879,-0.362,361,
33889,-0.362,357,
33899,-0.362,360,
33909,-0.362,360,
33919,-0.362,359,
33929,-0.362,359,
33939,-0.362,360,
33949,-0.362,364,
33959,-0.362,360,
33969,-0.362,354,
33979,-0.362,359,
33989,-0.362,360,
33999,-0.362,364,
34009,-0.362,357,
34019,-0.362,362,
34029,-0.362,362,
34039,-0.362,360,
34049,-0.362,359,
34059,-0.362,363,
34069,-0.362,363,
34079,-0.362,359,
34089,-0.362,362,
34099,-0.362,369,
34109,-0.362,361,
34119,-0.362,360,
34129,-0.362,360,
34139,-0.362,360,
34149,-0.362,365,
34159,-0.362,361,
34169,-0.362,358,
34179,-0.362,366,
34189,-0.362,362,
34199,-0.362,361,
34209,-0.362,361,
34219,-0.362,359,
34229,-0.362,366,
34239,-0.362,361,
34249,-0.361,364,
34259,-0.362,362,
34269,-0.362,363,
34279,-0.362,365,
34289,-0.362,363,
34299,-0.361,364,
34309,-0.361,362,
34319,-0.362,361,
34329,-0.362,362,
34339,-0.362,363,
34349,-0.362,364,
34359,-0.362,363,
34369,-0.362,364,
34379,-0.362,362,
34389,-0.362,363,
34399,-0.362,364,
34409,-0.362,364,
34419,-0.362,362,
34429,-0.362,365,
34439,-0.362,365,
34449,-0.362,366,
34459,-0.362,369,
34469,-0.361,367,
34479,-0.361,366,
34489,-0.362,365,
34499,-0.362,363,
34509,-0.362,369,
34519,-0.362,364,
34529,-0.362,370,
34539,-0.362,362,
34549,-0.362,365,
34559,-0.362,365,
34569,-0.361,365,
34579,-0.362,362,
34589,-0.362,368,
34599,-0.362,361,
34609,-0.362,363,
34619,-0.362,365,
34629,-0.362,368,
34639,-0.362,366,
34649,-0.362,367,
34659,-0.362,367,
34669,-0.362,369,
34679,-0.362,369,
34689,-0.362,362,
34699,-0.362,368,
34709,-0.362,374,
34719,-0.362,370,
34729,-0.362,370,
34739,-0.361,368,
34749,-0.361,365,
34759,-0.361,369,
34769,-0.361,367,
34779,-0.361,366,
34789,-0.362,366,
34799,-0.362,369,
34809,-0.362,372,
34819,-0.362,366,
34829,-0.362,372,
34839,-0.362,372,
34849,-0.362,367,
34859,-0.362,371,
34869,-0.362,367,
34879,-0.362,369,
34889,-0.362,366,
34899,-0.362,366,
34909,-0.362,376,
34919,-0.362,365,
34929,-0.362,371,
34939,-0.362,370,
34949,-0.362,367,
34959,-0.362,376,
34969,-0.362,367,
34979,-0.362,370,
34989,-0.362,367,
34999,-0.362,368,
35009,-0.362,370,
35019,-0.362,368,
35029,-0.362,373,
35039,-0.362,373,
35049,-0.362,368,
35059,-0.362,374,
35069,-0.362,372,
35079,-0.362,369,
35089,-0.362,371,
35099,-0.362,369,
35109,-0.362,373,
35119,-0.362,369,
35129,-0.362,370,
35139,-0.362,375,
35149,-0.362,370,
35159,-0.362,370,
35169,-0.362,373,
35179,-0.362,375,
35189,-0.362,376,
35199,-0.362,369,
35209,-0.362,374,
35219,-0.362,368,
35229,-0.362,372,
35239,-0.362,378,
35249,-0.362,373,
35259,-0.362,374,
35269,-0.362,369,
35279,-0.362,377,
35289,-0.362,370,
35299,-0.362,377,
35309,-0.362,370,
35319,-0.362,372,
35329,-0.362,375,
35339,-0.362,374,
35349,-0.362,372,
35359,-0.362,375,
35369,-0.362,376,
35379,-0.362,372,
35389,-0.362,371,
35399,-0.362,376,
35409,-0.362,371,
35419,-0.362,371,
35429,-0.362,372,
35439,-0.362,380,
35449,-0.362,373,
35459,-0.362,374,
35469,-0.362,377,
35479,-0.362,378,
35489,-0.362,375,
35499,-0.362,370,
35509,-0.362,377,
35519,-0.362,378,
35529,-0.362,376,
35539,-0.362,378,
35549,-0.361,373,
35559,-0.362,377,
35569,-0.362,377,
35579,-0.362,376,
35589,-0.362,382,
35599,-0.362,373,
35609,-0.362,380,
35619,-0.362,380,
35629,-0.362,375,
35639,-0.362,381,
35649,-0.362,375,
35659,-0.362,381,
35669,-0.362,372,
35679,-0.362,379,
35689,-0.362,383,
35699,-0.362,379,
35709,-0.362,379,
35719,-0.362,379,
35729,-0.362,381,
35739,-0.362,377,
35749,-0.362,381,
35759,-0.362,382,
35769,-0.362,374,
35779,-0.362,379,
35789,-0.362,381,
35799,-0.362,381,
35809,-0.362,380,
35819,-0.362,381,
35829,-0.362,377,
35839,-0.362,380,
35849,-0.362,382,
35859,-0.362,381,
35869,-0.362,377,
35879,-0.362,380,
35889,-0.362,380,
35899,-0.362,380,
35909,-0.362,381,
35919,-0.362,384,
35929,-0.362,379,
35939,-0.362,378,
35949,-0.362,379,
35959,-0.362,380,
35969,-0.362,385,
35979,-0.362,381,
35989,-0.362,380,
35999,-0.362,378,
36009,-0.362,382,
36019,-0.362,380,
36029,-0.362,380,
36039,-0.362,382,
36049,-0.362,383,
36059,-0.362,381,
36069,-0.362,385,
36079,-0.362,382,
36089,-0.362,380,
36099,-0.362,383,
36109,-0.362,379,
36119,-0.362,380,
36129,-0.362,384,
36139,-0.362,383,
36149,-0.362,384,
36159,-0.362,380,
36169,-0.362,388,
36179,-0.362,383,
36189,-0.362,385,
36199,-0.362,386,
36209,-0.362,381,
36219,-0.362,384,
36229,-0.362,382,
36239,-0.361,382,
36249,-0.362,382,
36259,-0.362,384,
36269,-0.362,386,
36279,-0.361,388,
36289,-0.362,389,
36299,-0.362,384,
36309,-0.361,386,
36319,-0.362,386,
36329,-0.362,383,
36339,-0.361,386,
36349,-0.362,384,
36359,-0.362,384,
36369,-0.362,387,
36379,-0.362,384,
36389,-0.362,389,
36399,-0.362,386,
36409,-0.361,386,
36419,-0.362,392,
36429,-0.362,385,
36439,-0.362,387,
36449,-0.362,382,
36459,-0.362,384,
36469,-0.362,387,
36479,-0.362,387,
36489,-0.362,388,
36499,-0.362,388,
36509,-0.362,388,
36519,-0.362,389,
36529,-0.362,390,
36539,-0.361,386,
36549,-0.362,387,
36559,-0.362,385,
36569,-0.362,391,
36579,-0.362,391,
36589,-0.362,390,
36599,-0.362,389,
36609,-0.362,387,
36619,-0.362,390,
36629,-0.362,386,
36639,-0.362,386,
36649,-0.362,388,
36659,-0.362,388,
36669,-0.362,382,
36679,-0.361,389,
36689,-0.362,386,
36699,-0.362,390,
36709,-0.361,389,
36719,-0.362,388,
36729,-0.362,389,
36739,-0.362,384,
36749,-0.362,393,
36759,-0.362,387,
36769,-0.362,386,
36779,-0.362,387,
36789,-0.362,387,
36799,-0.362,389,
36809,-0.362,389,
36819,-0.362,394,
36829,-0.362,388,
36839,-0.362,391,
36849,-0.362,393,
36859,-0.362,393,
36869,-0.362,384,
36879,-0.362,389,
36889,-0.362,386,
36899,-0.362,392,
36909,-0.362,388,
36919,-0.362,389,
36929,-0.362,389,
36939,-0.362,390,
36949,-0.362,396,
36959,-0.362,388,
36969,-0.362,394,
36979,-0.362,392,
36989,-0.362,393,
36999,-0.362,390,
37009,-0.362,389,
37019,-0.362,393,
37029,-0.362,388,
37039,-0.362,395,
37049,-0.362,392,
37059,-0.362,392,
37069,-0.362,393,
37079,-0.361,398,
37089,-0.362,388,
37099,-0.362,392,
37109,-0.361,396,
37119,-0.362,394,
37129,-0.362,395,
37139,-0.362,391,
37149,-0.362,392,
37159,-0.362,395,
37169,-0.362,393,
37179,-0.362,390,
37189,-0.362,392,
37199,-0.362,397,
37209,-0.362,395,
37219,-0.362,396,
37229,-0.362,398,
37239,-0.362,396,
37249,-0.362,391,
37259,-0.362,394,
37269,-0.362,394,
37279,-0.362,395,
37289,-0.362,400,
37299,-0.362,391,
37309,-0.362,395,
37319,-0.362,394,
37329,-0.362,395,
37339,-0.362,398,
37349,-0.362,393,
37359,-0.362,399,
37369,-0.362,396,
37379,-0.362,399,
37389,-0.362,393,
37399,-0.362,398,
37409,-0.362,397,
37419,-0.362,395,
37429,-0.362,396,
37439,-0.362,394,
37449,-0.362,398,
37459,-0.362,397,
37469,-0.362,400,
37479,-0.362,399,
37489,-0.362,396,
37499,-0.361,399,
37509,-0.362,398,
37519,-0.361,395,
37529,-0.362,393,
37539,-0.362,392,
37549,-0.362,398,
37559,-0.362,395,
37569,-0.362,399,
37579,-0.362,401,
37589,-0.362,398,
37599,-0.362,395,
37609,-0.362,399,
37619,-0.361,395,
37629,-0.362,398,
37639,-0.362,395,
37649,-0.362,399,
37659,-0.362,400,
37669,-0.362,400,
37679,-0.362,396,
37689,-0.362,394,
37699,-0.362,398,
37709,-0.362,399,
37719,-0.362,394,
37729,-0.362,402,
37739,-0.362,401,
37749,-0.362,400,
37759,-0.362,398,
37769,-0.362,397,
37779,-0.362,401,
37789,-0.362,399,
37799,-0.362,404,
37809,-0.362,403,
37819,-0.362,400,
37829,-0.362,402,
37839,-0.362,401,
37849,-0.362,399,
37859,-0.362,402,
37869,-0.362,399,
37879,-0.362,400,
37889,-0.362,401,
37899,-0.362,400,
37909,-0.362,400,
37919,-0.362,394,
37929,-0.362,404,
37939,-0.362,401,
37949,-0.362,401,
37959,-0.362,401,
37969,-0.362,403,
37979,-0.362,400,
37989,-0.362,400,
37999,-0.362,399,
38009,-0.362,402,
38019,-0.362,400,
38029,-0.362,403,
38039,-0.362,400,
38049,-0.362,403,
38059,-0.362,400,
38069,-0.362,402,
38079,-0.362,407,
38089,-0.362,400,
38099,-0.362,405,
38109,-0.362,403,
38119,-0.362,400,
38129,-0.362,406,
38139,-0.362,404,
38149,-0.362,403,
38159,-0.362,405,
38169,-0.362,400,
38179,-0.362,405,
38189,-0.362,401,
38199,-0.362,408,
38209,-0.362,408,
38219,-0.362,401,
38229,-0.362,402,
38239,-0.362,406,
38249,-0.362,400,
38259,-0.362,405,
38269,-0.362,404,
38279,-0.362,403,
38289,-0.362,405,
38299,-0.362,406,
38309,-0.362,404,
38319,-0.362,403,
38329,-0.362,403,
38339,-0.362,403,
38349,-0.362,403,
38359,-0.361,404,
38369,-0.362,404,
38379,-0.362,407,
38389,-0.362,408,
38399,-0.362,403,
38409,-0.362,405,
38419,-0.363,401,
38429,-0.362,408,
38439,-0.362,409,
38449,-0.362,406,
38459,-0.362,405,
38469,-0.363,406,
38479,-0.362,414,
38489,-0.362,406,
38499,-0.362,405,
38509,-0.362,409,
38519,-0.362,407,
38529,-0.362,410,
38539,-0.362,413,
38549,-0.362,407,
38559,-0.362,408,
38569,-0.362,407,
38579,-0.362,417,
38589,-0.362,408,
38599,-0.362,406,
38609,-0.362,413,
38619,-0.362,407,
38629,-0.362,405,
38639,-0.362,404,
38649,-0.362,406,
38659,-0.362,409,
38669,-0.362,407,
38679,-0.362,406,
38689,-0.362,406,
38699,-0.362,410,
38709,-0.362,410,
38719,-0.362,405,
38729,-0.362,408,
38739,-0.362,410,
38749,-0.362,405,
38759,-0.362,411,
38769,-0.362,409,
38779,-0.362,405,
38789,-0.362,412,
38799,-0.362,412,
38809,-0.362,410,
38819,-0.362,411,
38829,-0.362,408,
38839,-0.362,410,
38849,-0.362,409,
38859,-0.362,413,
38869,-0.362,407,
38879,-0.362,409,
38889,-0.362,412,
38899,-0.362,409,
38909,-0.363,407,
38919,-0.362,413,
38929,-0.362,411,
38939,-0.362,411,
38949,-0.362,406,
38959,-0.362,414,
38969,-0.362,412,
38979,-0.363,408,
38989,-0.362,415,
38999,-0.362,407,
39009,-0.362,414,
39019,-0.362,408,
39029,-0.362,420,
39039,-0.362,411,
39049,-0.362,411,
39059,-0.362,413,
39069,-0.362,416,
39079,-0.362,412,
39089,-0.362,415,
39099,-0.362,410,
39109,-0.362,412,
39119,-0.363,411,
39129,-0.362,415,
39139,-0.363,416,
39149,-0.362,411,
39159,-0.362,411,
39169,-0.362,416,
39179,-0.362,411,
39189,-0.362,411,
39199,-0.362,412,
39209,-0.362,411,
39219,-0.362,414,
39229,-0.363,412,
39239,-0.362,413,
39249,-0.362,418,
39259,-0.362,414,
39269,-0.363,410,
39279,-0.363,412,
39289,-0.362,418,
39299,-0.362,411,
39309,-0.362,416,
39319,-0.362,420,
39329,-0.362,413,
39339,-0.362,413,
39349,-0.363,413,
39359,-0.363,417,
39369,-0.362,412,
39379,-0.362,413,
39389,-0.362,415,
39399,-0.362,414,
39409,-0.362,417,
39419,-0.362,419,
39429,-0.362,415,
39439,-0.362,414,
39449,-0.362,421,
39459,-0.362,416,
39469,-0.362,421,
39479,-0.362,411,
39489,-0.362,417,
39499,-0.362,413,
39509,-0.362,416,
39519,-0.362,417,
39529,-0.362,412,
39539,-0.362,422,
39549,-0.363,416,
39559,-0.362,417,
39569,-0.362,421,
39579,-0.362,411,
39589,-0.362,417,
39599,-0.362,416,
39609,-0.362,418,
39619,-0.362,416,
39629,-0.362,416,
39639,-0.362,416,
39649,-0.362,419,
39659,-0.362,420,
39669,-0.362,420,
39679,-0.362,418,
39689,-0.362,417,
39699,-0.362,418,
39709,-0.362,424,
39719,-0.362,421,
39729,-0.363,419,
39739,-0.362,419,
39749,-0.363,416,
39759,-0.362,417,
39769,-0.362,421,
39779,-0.362,421,
39789,-0.362,422,
39799,-0.362,421,
39809,-0.362,418,
39819,-0.362,424,
39829,-0.362,420,
39839,-0.362,422,
39849,-0.363,418,
39859,-0.362,419,
39869,-0.363,421,
39879,-0.362,417,
39889,-0.362,420,
39899,-0.363,419,
39909,-0.362,415,
39919,-0.362,424,
39929,-0.362,420,
39939,-0.362,421,
39949,-0.362,416,
39959,-0.362,420,
39969,-0.363,421,
39979,-0.363,419,
39989,-0.362,423,
39999,-0.362,421,
40009,-0.362,423,
40019,-0.362,424,
40029,-0.362,425,
40039,-0.362,422,
40049,-0.362,422,
40059,-0.362,421,
40069,-0.363,423,
40079,-0.362,426,
40089,-0.362,421,
40099,-0.362,416,
40109,-0.362,419,
40119,-0.362,422,
40129,-0.362,427,
40139,-0.362,420,
40149,-0.362,424,
40159,-0.362,419,
40169,-0.362,421,
40179,-0.362,423,
40189,-0.362,421,
40199,-0.362,421,
40209,-0.362,427,
40219,-0.362,424,
40229,-0.363,422,
40239,-0.362,426,
40249,-0.362,426,
40259,-0.362,424,
40269,-0.363,425,
40279,-0.362,424,
40289,-0.363,426,
40299,-0.363,426,
40309,-0.362,419,
40319,-0.362,423,
40329,-0.362,425,
40339,-0.362,425,
40349,-0.362,422,
40359,-0.362,423,
40369,-0.362,426,
40379,-0.362,425,
40389,-0.362,429,
40399,-0.362,428,
40409,-0.362,429,
40419,-0.362,428,
40429,-0.363,424,
40439,-0.363,423,
40449,-0.362,428,
40459,-0.363,424,
40469,-0.363,426,
40479,-0.362,429,
40489,-0.362,426,
40499,-0.362,426,
40509,-0.362,425,
40519,-0.363,427,
40529,-0.363,426,
40539,-0.362,427,
40549,-0.362,428,
40559,-0.362,426,
40569,-0.362,428,
40579,-0.363,426,
40589,-0.362,433,
40599,-0.362,429,
40609,-0.362,430,
40619,-0.362,429,
40629,-0.363,427,
40639,-0.362,427,
40649,-0.362,431,
40659,-0.362,431,
40669,-0.362,427,
40679,-0.362,428,
40689,-0.363,431,
40699,-0.362,427,
40709,-0.363,428,
40719,-0.362,430,
40729,-0.363,429,
40739,-0.363,424,
40749,-0.363,431,
40759,-0.363,429,
40769,-0.363,430,
40779,-0.362,434,
40789,-0.362,429,
40799,-0.363,431,
40809,-0.363,428,
40819,-0.362,433,
40829,-0.363,429,
40839,-0.362,431,
40849,-0.362,433,
40859,-0.362,431,
40869,-0.362,437,
40879,-0.363,429,
40889,-0.363,432,
40899,-0.362,431,
40909,-0.363,428,
40919,-0.362,429,
40929,-0.363,430,
40939,-0.362,431,
40949,-0.363,434,
40959,-0.362,428,
40969,-0.363,432,
40979,-0.363,429,
40989,-0.362,433,
40999,-0.363,429,
41009,-0.363,429,
41019,-0.362,431,
41029,-0.363,431,
41039,-0.362,427,
41049,-0.362,434,
41059,-0.362,429,
41069,-0.362,430,
41079,-0.363,435,
41089,-0.363,432,
41099,-0.362,433,
41109,-0.362,436,
41119,-0.362,430,
41129,-0.363,432,
41139,-0.362,432,
41149,-0.363,432,
41159,-0.362,431,
41169,-0.363,433,
41179,-0.362,433,
41189,-0.362,433,
41199,-0.363,430,
41209,-0.362,431,
41219,-0.362,429,
41229,-0.363,435,
41239,-0.362,433,
41249,-0.362,434,
41259,-0.362,435,
41269,-0.362,431,
41279,-0.362,439,
41289,-0.362,433,
41299,-0.363,434,
41309,-0.362,433,
41319,-0.362,436,
41329,-0.363,437,
41339,-0.362,433,
41349,-0.362,435,
41359,-0.362,434,
41369,-0.363,431,
41379,-0.363,436,
41389,-0.363,432,
41399,-0.363,436,
41409,-0.363,442,
41419,-0.363,432,
41429,-0.362,431,
41439,-0.362,436,
41449,-0.363,442,
41459,-0.362,437,
41469,-0.362,437,
41479,-0.362,436,
41489,-0.363,434,
41499,-0.363,438,
41509,-0.362,435,
41519,-0.363,437,
41529,-0.363,438,
41539,-0.362,435,
41549,-0.363,438,
41559,-0.362,440,
41569,-0.363,436,
41579,-0.362,439,
41589,-0.363,435,
41599,-0.363,431,
41609,-0.363,439,
41619,-0.363,435,
41629,-0.362,438,
41639,-0.362,436,
41649,-0.362,438,
41659,-0.362,436,
41669,-0.363,437,
41679,-0.362,445,
41689,-0.363,437,
41699,-0.362,441,
41709,-0.362,436,
41719,-0.363,436,
41729,-0.362,444,
41739,-0.363,434,
41749,-0.363,437,
41759,-0.362,442,
41769,-0.363,433,
41779,-0.363,442,
41789,-0.363,442,
41799,-0.363,439,
41809,-0.363,439,
41819,-0.363,438,
41829,-0.362,444,
41839,-0.363,435,
41849,-0.363,442,
41859,-0.362,442,
41869,-0.363,442,
41879,-0.362,443,
41889,-0.362,436,
41899,-0.363,439,
41909,-0.362,444,
41919,-0.362,436,
41929,-0.362,445,
41939,-0.362,442,
41949,-0.362,437,
41959,-0.362,442,
41969,-0.362,440,
41979,-0.362,447,
41989,-0.363,437,
41999,-0.362,441,
42009,-0.362,442,
42019,-0.362,443,
42029,-0.362,443,
42039,-0.363,440,
42049,-0.363,439,
42059,-0.363,442,
42069,-0.363,439,
42079,-0.362,445,
42089,-0.363,443,
42099,-0.362,438,
42109,-0.363,448,
42119,-0.362,443,
42129,-0.362,440,
42139,-0.363,440,
42149,-0.362,444,
42159,-0.363,444,
42169,-0.362,443,
42179,-0.362,446,
42189,-0.362,448,
42199,-0.362,443,
42209,-0.363,446,
42219,-0.363,441,
42229,-0.363,447,
42239,-0.363,443,
42249,-0.362,440,
42259,-0.362,450,
42269,-0.362,444,
42279,-0.363,447,
42289,-0.363,447,
42299,-0.363,441,
42309,-0.363,443,
42319,-0.362,446,
42329,-0.363,445,
42339,-0.363,445,
42349,-0.363,448,
42359,-0.362,447,
42369,-0.362,446,
42379,-0.363,448,
42389,-0.362,448,
42399,-0.362,444,
42409,-0.363,450,
42419,-0.363,445,
42429,-0.363,446,
42439,-0.362,448,
42449,-0.363,447,
42459,-0.363,448,
42469,-0.362,450,
42479,-0.363,444,
42489,-0.363,447,
42499,-0.362,445,
42509,-0.362,444,
42519,-0.363,446,
42529,-0.363,451,
42539,-0.362,444,
42549,-0.363,447,
42559,-0.363,446,
42569,-0.362,444,
42579,-0.363,450,
42589,-0.362,445,
42599,-0.363,446,
42609,-0.363,448,
42619,-0.362,445,
42629,-0.363,446,
42639,-0.362,454,
42649,-0.363,447,
42659,-0.363,446,
42669,-0.362,448,
42679,-0.363,450,
42689,-0.362,448,
42699,-0.363,450,
42709,-0.363,449,
42719,-0.363,446,
42729,-0.363,449,
42739,-0.363,450,
42749,-0.363,451,
42759,-0.363,449,
42769,-0.362,447,
42779,-0.363,456,
42789,-0.362,453,
42799,-0.363,446,
42809,-0.362,449,
42819,-0.362,449,
42829,-0.363,453,
42839,-0.362,453,
42849,-0.363,446,
42859,-0.363,452,
42869,-0.363,450,
42879,-0.362,450,
42889,-0.363,452,
42899,-0.363,445,
42909,-0.362,456,
42919,-0.363,449,
42929,-0.363,452,
42939,-0.362,451,
42949,-0.363,450,
42959,-0.363,449,
42969,-0.363,452,
42979,-0.363,451,
42989,-0.362,450,
42999,-0.362,454,
43009,-0.362,451,
43019,-0.363,449,
43029,-0.363,450,
43039,-0.363,455,
43049,-0.363,452,
43059,-0.363,455,
43069,-0.363,452,
43079,-0.363,451,
43089,-0.362,457,
43099,-0.362,454,
43109,-0.363,452,
43119,-0.363,452,
43129,-0.363,448,
43139,-0.363,451,
43149,-0.363,458,
43159,-0.362,455,
43169,-0.363,453,
43179,-0.362,451,
43189,-0.363,454,
43199,-0.363,454,
43209,-0.363,454,
43219,-0.363,458,
43229,-0.363,455,
43239,-0.363,454,
43249,-0.362,454,
43259,-0.363,458,
43269,-0.362,451,
43279,-0.362,451,
43289,-0.363,457,
43299,-0.362,453,
43309,-0.362,457,
43319,-0.363,455,
43329,-0.363,454,
43339,-0.363,457,
43349,-0.363,459,
43359,-0.363,454,
43369,-0.363,458,
43379,-0.363,455,
43389,-0.363,456,
43399,-0.363,456,
43409,-0.362,458,
43419,-0.362,458,
43429,-0.363,454,
43439,-0.363,457,
43449,-0.363,454,
43459,-0.363,453,
43469,-0.363,458,
43479,-0.363,459,
43489,-0.363,455,
43499,-0.363,455,
43509,-0.363,456,
43519,-0.363,457,
43529,-0.363,455,
43539,-0.363,453,
43549,-0.363,460,
43559,-0.363,456,
43569,-0.363,456,
43579,-0.363,455,
43589,-0.362,457,
43599,-0.362,457,
43609,-0.363,455,
43619,-0.362,458,
43629,-0.362,451,
43639,-0.363,456,
43649,-0.362,458,
43659,-0.363,456,
43669,-0.363,459,
43679,-0.363,459,
43689,-0.363,459,
43699,-0.362,457,
43709,-0.363,458,
43719,-0.363,460,
43729,-0.363,458,
43739,-0.363,457,
43749,-0.362,460,
43759,-0.363,461,
43769,-0.363,458,
43779,-0.363,459,
43789,-0.363,461,
43799,-0.362,456,
43809,-0.363,459,
43819,-0.362,459,
43829,-0.362,461,
43839,-0.363,457,
43849,-0.362,462,
43859,-0.363,455,
43869,-0.363,461,
43879,-0.362,458,
43889,-0.363,459,
43899,-0.363,463,
43909,-0.363,459,
43919,-0.362,463,
43929,-0.363,460,
43939,-0.363,459,
43949,-0.363,461,
43959,-0.363,459,
43969,-0.363,461,
43979,-0.363,457,
43989,-0.363,460,
43999,-0.363,463,
44009,-0.363,464,
44019,-0.363,459,
44029,-0.363,464,
44039,-0.363,464,
44049,-0.363,463,
44059,-0.363,460,
44069,-0.362,462,
44079,-0.363,462,
44089,-0.363,458,
44099,-0.363,468,
44109,-0.363,459,
44119,-0.363,464,
44129,-0.363,464,
44139,-0.363,463,
44149,-0.363,463,
44159,-0.363,464,
44169,-0.363,466,
44179,-0.363,464,
44189,-0.363,459,
44199,-0.363,462,
44209,-0.363,461,
44219,-0.363,468,
44229,-0.363,460,
44239,-0.363,466,
44249,-0.363,459,
44259,-0.363,466,
44269,-0.363,464,
44279,-0.363,462,
44289,-0.363,466,
44299,-0.362,462,
44309,-0.363,468,
44319,-0.363,467,
44329,-0.362,465,
44339,-0.363,470,
44349,-0.363,469,
44359,-0.363,461,
44369,-0.363,466,
44379,-0.363,470,
44389,-0.363,465,
44399,-0.363,467,
44409,-0.363,463,
44419,-0.363,469,
44429,-0.363,465,
44439,-0.363,465,
44449,-0.363,464,
44459,-0.363,466,
44469,-0.363,464,
44479,-0.363,467,
44489,-0.363,465,
44499,-0.363,471,
44509,-0.363,462,
44519,-0.363,467,
44529,-0.362,468,
44539,-0.363,471,
44549,-0.363,469,
44559,-0.363,469,
44569,-0.363,469,
44579,-0.362,467,
44589,-0.363,467,
44599,-0.363,468,
44609,-0.363,469,
44619,-0.363,469,
44629,-0.363,472,
44639,-0.363,468,
44649,-0.363,473,
44659,-0.363,463,
44669,-0.363,459,
44679,-0.363,466,
44689,-0.363,465,
44699,-0.363,468,
44709,-0.363,463,
44719,-0.363,470,
44729,-0.363,465,
44739,-0.363,466,
44749,-0.363,472,
44759,-0.363,472,
44769,-0.363,472,
44779,-0.363,470,
44789,-0.363,468,
44799,-0.363,471,
44809,-0.363,471,
44819,-0.363,469,
44829,-0.363,470,
44839,-0.363,471,
44849,-0.363,469,
44859,-0.363,475,
44869,-0.363,467,
44879,-0.363,473,
44889,-0.363,471,
44899,-0.363,471,
44909,-0.363,473,
44919,-0.363,474,
44929,-0.363,471,
44939,-0.363,474,
44949,-0.363,473,
44959,-0.363,470,
44969,-0.363,472,
44979,-0.363,473,
44989,-0.363,471,
44999,-0.363,470,
45009,-0.363,476,
45019,-0.363,473,
45029,-0.363,471,
45039,-0.363,470,
45049,-0.363,470,
45059,-0.363,473,
45069,-0.363,471,
45079,-0.363,473,
45089,-0.363,474,
45099,-0.363,471,
45109,-0.363,473,
45119,-0.363,476,
45129,-0.363,473,
45139,-0.363,472,
45149,-0.363,479,
45159,-0.363,469,
45169,-0.363,475,
45179,-0.363,475,
45189,-0.363,469,
45199,-0.363,473,
45209,-0.363,473,
45219,-0.363,473,
45229,-0.363,473,
45239,-0.363,475,
45249,-0.363,478,
45259,-0.363,476,
45269,-0.363,474,
45279,-0.363,475,
45289,-0.363,474,
45299,-0.362,474,
45309,-0.363,473,
45319,-0.363,474,
45329,-0.363,476,
45339,-0.363,479,
45349,-0.363,475,
45359,-0.363,474,
45369,-0.362,477,
45379,-0.363,478,
45389,-0.363,480,
45399,-0.363,475,
45409,-0.363,470,
45419,-0.363,477,
45429,-0.363,475,
45439,-0.363,478,
45449,-0.363,478,
45459,-0.363,478,
45469,-0.363,472,
45479,-0.363,476,
45489,-0.363,471,
45499,-0.363,474,
45509,-0.363,480,
45519,-0.363,480,
45529,-0.363,480,
45539,-0.363,479,
45549,-0.363,475,
45559,-0.363,478,
45569,-0.363,473,
45579,-0.363,477,
45589,-0.363,484,
45599,-0.363,476,
45609,-0.363,476,
45619,-0.363,476,
45629,-0.363,481,
45639,-0.363,476,
45649,-0.363,478,
45659,-0.363,481,
45669,-0.363,478,
45679,-0.363,479,
45689,-0.363,475,
45699,-0.363,480,
45709,-0.363,479,
45719,-0.363,481,
45729,-0.363,480,
45739,-0.363,482,
45749,-0.363,482,
45759,-0.363,480,
45769,-0.363,475,
45779,-0.363,483,
45789,-0.363,481,
45799,-0.363,479,
45809,-0.363,483,
45819,-0.363,477,
45829,-0.363,480,
45839,-0.363,483,
45849,-0.363,479,
45859,-0.363,482,
45869,-0.363,479,
45879,-0.363,480,
45889,-0.363,485,
45899,-0.363,481,
45909,-0.363,482,
45919,-0.363,477,
45929,-0.363,481,
45939,-0.363,483,
45949,-0.363,480,
45959,-0.363,483,
45969,-0.363,478,
45979,-0.363,481,
45989,-0.363,481,
45999,-0.363,483,
46009,-0.363,487,
46019,-0.363,487,
46029,-0.363,486,
46039,-0.363,483,
46049,-0.363,479,
46059,-0.363,484,
46069,-0.363,477,
46079,-0.363,485,
46089,-0.363,482,
46099,-0.363,479,
46109,-0.363,484,
46119,-0.363,481,
46129,-0.363,485,
46139,-0.363,479,
46149,-0.363,486,
46159,-0.363,482,
46169,-0.363,486,
46179,-0.363,486,
46189,-0.363,480,
46199,-0.363,482,
46209,-0.363,483,
46219,-0.363,479,
46229,-0.363,486,
46239,-0.363,484,
46249,-0.363,482,
46259,-0.363,486,
46269,-0.363,482,
46279,-0.363,485,
46289,-0.363,484,
46299,-0.363,483,
46309,-0.363,488,
46319,-0.363,486,
46329,-0.363,487,
46339,-0.363,486,
46349,-0.363,487,
46359,-0.363,487,
46369,-0.363,485,
46379,-0.363,486,
46389,-0.363,486,
46399,-0.363,482,
46409,-0.363,485,
46419,-0.363,484,
46429,-0.363,484,
46439,-0.363,490,
46449,-0.363,488,
46459,-0.363,483,
46469,-0.363,483,
46479,-0.363,489,
46489,-0.363,492,
46499,-0.363,487,
46509,-0.363,491,
46519,-0.363,485,
46529,-0.363,488,
46539,-0.363,495,
46549,-0.363,488,
46559,-0.363,489,
46569,-0.363,486,
46579,-0.363,488,
46589,-0.363,488,
46599,-0.363,487,
46609,-0.363,490,
46619,-0.363,485,
46629,-0.363,493,
46639,-0.363,493,
46649,-0.363,491,
46659,-0.363,489,
46669,-0.363,492,
46679,-0.363,490,
46689,-0.363,487,
46699,-0.363,491,
46709,-0.363,490,
46719,-0.363,490,
46729,-0.363,490,
46739,-0.363,491,
46749,-0.363,484,
46759,-0.363,488,
46769,-0.363,488,
46779,-0.363,487,
46789,-0.363,487,
46799,-0.363,490,
46809,-0.363,496,
46819,-0.363,494,
46829,-0.363,492,
46839,-0.363,493,
46849,-0.363,490,
46859,-0.363,491,
46869,-0.363,489,
46879,-0.363,490,
46889,-0.363,496,
46899,-0.363,491,
46909,-0.363,489,
46919,-0.363,490,
46929,-0.363,493,
46939,-0.363,491,
46949,-0.363,491,
46959,-0.363,494,
46969,-0.363,490,
46979,-0.363,491,
46989,-0.363,497,
46999,-0.363,494,
47009,-0.363,495,
47019,-0.363,493,
47029,-0.363,492,
47039,-0.363,493,
47049,-0.363,487,
47059,-0.363,491,
47069,-0.363,492,
47079,-0.363,496,
47089,-0.363,495,
47099,-0.363,494,
47109,-0.363,493,"      FINALLY;         set(@PartFill, 0.000);         Intensifier.ClearTrigger( );         Intensifier.BeginSeekOnStroke(0.000, 0.50, 0.30);         Dwell(1.000)"
47119,-0.363,492,
47129,-0.363,491,
47139,-0.363,496,
47149,-0.363,492,
47159,-0.363,493,
47169,-0.363,487,
47179,-0.363,491,
47189,-0.363,471,
47199,-0.363,491,
47209,-0.363,477,
47219,-0.363,484,
47229,-0.363,480,
47239,-0.363,477,
47249,-0.363,474,
47259,-0.363,477,
47269,-0.363,481,
47279,-0.363,474,
47289,-0.363,475,
47299,-0.363,473,
47309,-0.363,476,
47319,-0.363,476,
47329,-0.363,474,
47339,-0.363,477,
47349,-0.363,475,
47359,-0.363,478,
47369,-0.363,472,
47379,-0.363,473,
47389,-0.363,472,
47399,-0.363,470,
47409,-0.363,466,
47419,-0.363,469,
47429,-0.363,468,
47439,-0.363,471,
47449,-0.363,467,
47459,-0.363,466,
47469,-0.363,463,
47479,-0.363,462,
47489,-0.363,469,
47499,-0.363,466,
47509,-0.363,462,
47519,-0.363,465,
47529,-0.363,468,
47539,-0.363,465,
47549,-0.363,460,
47559,-0.363,464,
47569,-0.363,467,
47579,-0.363,460,
47589,-0.363,463,
47599,-0.363,459,
47609,-0.363,460,
47619,-0.363,457,
47629,-0.363,457,
47639,-0.363,460,
47649,-0.363,459,
47659,-0.363,456,
47669,-0.363,461,
47679,-0.363,458,
47689,-0.363,461,
47699,-0.364,461,
47709,-0.363,454,
47719,-0.364,454,
47729,-0.363,456,
47739,-0.363,456,
47749,-0.363,450,
47759,-0.363,453,
47769,-0.363,455,
47779,-0.363,452,
47789,-0.363,453,
47799,-0.363,449,
47809,-0.363,447,
47819,-0.363,446,
47829,-0.363,451,
47839,-0.363,449,
47849,-0.363,452,
47859,-0.363,450,
47869,-0.363,448,
47879,-0.363,445,
47889,-0.363,448,
47899,-0.363,445,
47909,-0.363,439,
47919,-0.363,442,
47929,-0.363,436,
47939,-0.363,438,
47949,-0.364,435,
47959,-0.363,431,
47969,-0.363,425,
47979,-0.363,432,
47989,-0.363,427,
47999,-0.364,428,
48009,-0.363,425,
48019,-0.363,422,
48029,-0.363,420,
48039,-0.363,421,
48049,-0.363,423,
48059,-0.363,413,
48069,-0.363,417,
48079,-0.363,419,
48089,-0.363,408,
48099,-0.363,412,
